year_end,baseline_return,variant_return
1993-12-31,-9.061894766360101e-05,-9.061894766360101e-05
1994-12-31,-0.041390319953293564,-0.041390319953293564
1995-12-31,0.2439023552243329,0.2439023552243329
1996-12-31,0.16422599077917766,0.1391070855418708
1997-12-31,0.17084387857712513,0.13037675210774635
1998-12-31,0.10199596834460811,0.10298199899766747
1999-12-31,0.06292774462458683,0.05593828091402586
2000-12-31,0.08366280802745951,0.08366280802745996
2001-12-31,0.12865172271532765,0.12888109731043462
2002-12-31,0.03713741382404989,0.03755997325672422
2003-12-31,0.27626903580429074,0.27942262092921144
2004-12-31,0.09817373367815674,0.08410123937307801
2005-12-31,0.1030610211319487,0.09849753006736717
2006-12-31,0.17185390087401142,0.1718539008740132
2007-12-31,0.18832697131897858,0.18272913357277032
2008-12-31,0.13228535258979557,0.008703978963501502
2009-12-31,0.14759986233499856,0.15504027222504546
2010-12-31,0.23632344681918238,0.23632344681918216
2011-12-31,0.125101712903968,0.1251017129039691
2012-12-31,0.04319445697130275,0.04319445697130275
2013-12-31,0.3138535046046427,0.31385350460464334
2014-12-31,0.04583221126172665,0.045832211261725764
2015-12-31,-0.056762547773908545,-0.07705758493864168
2016-12-31,0.06905494176614724,0.07918685244891899
2017-12-31,0.12835613692878245,0.12835613692878334
2018-12-31,-0.00930162986690275,-0.009301629866902417
2019-12-31,0.18969092821358946,0.18969092821358902
2020-12-31,0.18887062052900871,0.18887062052901138
2021-12-31,0.09348629847717738,0.09626807602550369
2022-12-31,-0.10873812305939645,-0.1087381230593959
2023-12-31,0.09478253569674155,0.09478253569674067
2024-12-31,0.25916488942849525,0.25916488942849436
2025-12-31,0.1641630342012661,0.1641630342012661
2026-12-31,-0.002946534321427552,-0.006657202508504101
