date,signalled,held,dgs10_speed_pp,yield_rise_triggered,target_modified,released_to_cash_pct,base:SPY,base:IWN,base:GLD,base:VCIT,base:IEF,base:cash,variant:SPY,variant:IWN,variant:GLD,variant:VCIT,variant:IEF,variant:cash
1993-11-01,credit-spread-wide-yield-curve-flat,credit-spread-wide-yield-curve-flat,,False,False,0.0,50.0,50.0,0.0,0.0,0.0,0.0,50.0,50.0,0.0,0.0,0.0,0.0
1993-12-01,credit-spread-wide-yield-curve-flat,credit-spread-wide-yield-curve-flat,,False,False,0.0,50.0,50.0,0.0,0.0,0.0,0.0,50.0,50.0,0.0,0.0,0.0,0.0
1994-01-04,credit-spread-wide-yield-curve-flat,credit-spread-wide-yield-curve-flat,0.11000000000000032,False,False,0.0,50.0,50.0,0.0,0.0,0.0,0.0,50.0,50.0,0.0,0.0,0.0,0.0
1994-02-01,credit-spread-wide-yield-curve-flat,credit-spread-wide-yield-curve-flat,-0.1200000000000001,False,False,0.0,50.0,50.0,0.0,0.0,0.0,0.0,50.0,50.0,0.0,0.0,0.0,0.0
1994-03-01,credit-spread-wide-yield-curve-flat,credit-spread-wide-yield-curve-flat,0.41999999999999993,True,False,0.0,50.0,50.0,0.0,0.0,0.0,0.0,50.0,50.0,0.0,0.0,0.0,0.0
1994-04-05,credit-spread-wide-yield-curve-flat,credit-spread-wide-yield-curve-flat,0.8100000000000005,True,False,0.0,0.0,0.0,0.0,0.0,0.0,100.0,0.0,0.0,0.0,0.0,0.0,100.0
1994-05-03,credit-spread-wide-yield-curve-flat,credit-spread-wide-yield-curve-flat,0.3099999999999996,True,False,0.0,25.0,50.0,0.0,0.0,0.0,25.0,25.0,50.0,0.0,0.0,0.0,25.0
1994-06-01,credit-spread-wide-yield-curve-flat,credit-spread-wide-yield-curve-flat,0.1299999999999999,False,False,0.0,25.0,50.0,0.0,0.0,0.0,25.0,25.0,50.0,0.0,0.0,0.0,25.0
1994-07-01,credit-spread-wide-yield-curve-flat,credit-spread-wide-yield-curve-flat,0.16999999999999993,False,False,0.0,0.0,25.0,0.0,0.0,0.0,75.0,0.0,25.0,0.0,0.0,0.0,75.0
1994-08-01,credit-spread-wide-yield-curve-flat,credit-spread-wide-yield-curve-flat,-0.04999999999999982,False,False,0.0,50.0,25.0,0.0,0.0,0.0,25.0,50.0,25.0,0.0,0.0,0.0,25.0
1994-09-01,credit-spread-wide-yield-curve-flat,credit-spread-wide-yield-curve-flat,0.0600000000000005,False,False,0.0,50.0,50.0,0.0,0.0,0.0,0.0,50.0,50.0,0.0,0.0,0.0,0.0
1994-10-03,credit-spread-wide-yield-curve-flat,credit-spread-wide-yield-curve-flat,0.4499999999999993,True,False,0.0,50.0,50.0,0.0,0.0,0.0,0.0,50.0,50.0,0.0,0.0,0.0,0.0
1994-11-01,credit-spread-wide-yield-curve-flat,credit-spread-wide-yield-curve-flat,0.16999999999999993,False,False,0.0,50.0,50.0,0.0,0.0,0.0,0.0,50.0,50.0,0.0,0.0,0.0,0.0
1994-12-01,credit-spread-tight-yield-curve-flat,credit-spread-wide-yield-curve-flat,0.10000000000000053,False,False,0.0,0.0,0.0,0.0,0.0,0.0,100.0,0.0,0.0,0.0,0.0,0.0,100.0
1995-01-03,credit-spread-tight-yield-curve-flat,credit-spread-wide-yield-curve-flat,-0.09999999999999964,False,False,0.0,25.0,0.0,0.0,0.0,75.0,0.0,25.0,0.0,0.0,0.0,75.0,0.0
1995-02-01,credit-spread-tight-yield-curve-flat,credit-spread-tight-yield-curve-flat,-0.22000000000000064,False,False,0.0,60.0,0.0,0.0,0.0,40.0,0.0,60.0,0.0,0.0,0.0,40.0,0.0
1995-03-01,credit-spread-tight-yield-curve-flat,credit-spread-tight-yield-curve-flat,-0.54,False,False,0.0,0.0,0.0,0.0,0.0,100.0,0.0,0.0,0.0,0.0,0.0,100.0,0.0
1995-04-03,credit-spread-tight-yield-curve-flat,credit-spread-tight-yield-curve-flat,-0.1200000000000001,False,False,0.0,60.0,0.0,40.0,0.0,0.0,0.0,60.0,0.0,40.0,0.0,0.0,0.0
1995-05-01,credit-spread-wide-yield-curve-flat,credit-spread-tight-yield-curve-flat,-0.13999999999999968,False,False,0.0,60.0,0.0,40.0,0.0,0.0,0.0,60.0,0.0,40.0,0.0,0.0,0.0
1995-06-01,credit-spread-wide-yield-curve-flat,credit-spread-tight-yield-curve-flat,-0.79,False,False,0.0,60.0,0.0,40.0,0.0,0.0,0.0,60.0,0.0,40.0,0.0,0.0,0.0
1995-07-03,credit-spread-wide-yield-curve-flat,credit-spread-wide-yield-curve-flat,0.08000000000000007,False,False,0.0,50.0,50.0,0.0,0.0,0.0,0.0,50.0,50.0,0.0,0.0,0.0,0.0
1995-08-01,credit-spread-wide-yield-curve-flat,credit-spread-wide-yield-curve-flat,0.16999999999999993,False,False,0.0,50.0,50.0,0.0,0.0,0.0,0.0,50.0,50.0,0.0,0.0,0.0,0.0
1995-09-01,credit-spread-wide-yield-curve-flat,credit-spread-wide-yield-curve-flat,-0.21999999999999975,False,False,0.0,50.0,50.0,0.0,0.0,0.0,0.0,50.0,50.0,0.0,0.0,0.0,0.0
1995-10-02,credit-spread-wide-yield-curve-flat,credit-spread-wide-yield-curve-flat,0.0,False,False,0.0,50.0,50.0,0.0,0.0,0.0,0.0,50.0,50.0,0.0,0.0,0.0,0.0
1995-11-01,credit-spread-wide-yield-curve-flat,credit-spread-wide-yield-curve-flat,-0.25,False,False,0.0,50.0,50.0,0.0,0.0,0.0,0.0,50.0,50.0,0.0,0.0,0.0,0.0
1995-12-01,credit-spread-wide-yield-curve-flat,credit-spread-wide-yield-curve-flat,-0.27000000000000046,False,False,0.0,50.0,50.0,0.0,0.0,0.0,0.0,50.0,50.0,0.0,0.0,0.0,0.0
1996-01-02,credit-spread-wide-yield-curve-flat,credit-spread-wide-yield-curve-flat,-0.1299999999999999,False,False,0.0,50.0,50.0,0.0,0.0,0.0,0.0,50.0,50.0,0.0,0.0,0.0,0.0
1996-02-01,credit-spread-wide-yield-curve-steep,credit-spread-wide-yield-curve-flat,-0.03000000000000025,False,False,0.0,50.0,50.0,0.0,0.0,0.0,0.0,50.0,50.0,0.0,0.0,0.0,0.0
1996-03-01,credit-spread-wide-yield-curve-steep,credit-spread-wide-yield-curve-flat,0.5,True,False,0.0,50.0,50.0,0.0,0.0,0.0,0.0,50.0,50.0,0.0,0.0,0.0,0.0
1996-04-01,credit-spread-wide-yield-curve-flat,credit-spread-wide-yield-curve-flat,0.28000000000000025,True,False,0.0,50.0,50.0,0.0,0.0,0.0,0.0,50.0,50.0,0.0,0.0,0.0,0.0
1996-05-01,credit-spread-tight-yield-curve-steep,credit-spread-wide-yield-curve-flat,0.25,True,False,0.0,50.0,50.0,0.0,0.0,0.0,0.0,50.0,50.0,0.0,0.0,0.0,0.0
1996-06-03,credit-spread-tight-yield-curve-steep,credit-spread-wide-yield-curve-flat,-0.0699999999999994,False,False,0.0,50.0,50.0,0.0,0.0,0.0,0.0,50.0,50.0,0.0,0.0,0.0,0.0
1996-07-01,credit-spread-tight-yield-curve-steep,credit-spread-tight-yield-curve-steep,0.04999999999999982,False,False,0.0,0.0,10.0,0.0,25.0,65.0,0.0,0.0,10.0,0.0,25.0,65.0,0.0
1996-08-01,credit-spread-tight-yield-curve-flat,credit-spread-tight-yield-curve-steep,0.05999999999999961,False,False,0.0,0.0,5.0,0.0,50.0,45.0,0.0,0.0,5.0,0.0,50.0,45.0,0.0
1996-09-03,credit-spread-tight-yield-curve-steep,credit-spread-tight-yield-curve-steep,0.20999999999999996,True,True,90.0,0.0,10.0,0.0,50.0,40.0,0.0,0.0,10.0,0.0,0.0,0.0,90.0
1996-10-01,credit-spread-tight-yield-curve-steep,credit-spread-tight-yield-curve-steep,-0.14000000000000057,False,False,0.0,0.0,10.0,0.0,50.0,40.0,0.0,0.0,10.0,0.0,50.0,40.0,0.0
1996-11-01,credit-spread-tight-yield-curve-flat,credit-spread-tight-yield-curve-steep,-0.28000000000000025,False,False,0.0,0.0,10.0,0.0,50.0,40.0,0.0,0.0,10.0,0.0,50.0,40.0,0.0
1996-12-02,credit-spread-wide-yield-curve-flat,credit-spread-tight-yield-curve-steep,-0.2400000000000002,False,False,0.0,0.0,10.0,0.0,50.0,40.0,0.0,0.0,10.0,0.0,50.0,40.0,0.0
1997-01-02,credit-spread-tight-yield-curve-flat,credit-spread-tight-yield-curve-steep,0.22999999999999954,True,True,90.0,0.0,10.0,0.0,50.0,40.0,0.0,0.0,10.0,0.0,0.0,0.0,90.0
1997-02-03,credit-spread-tight-yield-curve-steep,credit-spread-tight-yield-curve-steep,0.07000000000000028,False,False,0.0,0.0,10.0,0.0,50.0,40.0,0.0,0.0,10.0,0.0,50.0,40.0,0.0
1997-03-03,credit-spread-tight-yield-curve-flat,credit-spread-tight-yield-curve-steep,-0.03000000000000025,False,False,0.0,0.0,10.0,0.0,50.0,40.0,0.0,0.0,10.0,0.0,50.0,40.0,0.0
1997-04-01,credit-spread-tight-yield-curve-flat,credit-spread-tight-yield-curve-steep,0.33999999999999986,True,True,90.0,0.0,10.0,0.0,50.0,40.0,0.0,0.0,10.0,0.0,0.0,0.0,90.0
1997-05-01,credit-spread-tight-yield-curve-flat,credit-spread-tight-yield-curve-flat,-0.20000000000000018,False,False,0.0,60.0,0.0,0.0,0.0,40.0,0.0,60.0,0.0,0.0,0.0,40.0,0.0
1997-06-02,credit-spread-tight-yield-curve-flat,credit-spread-tight-yield-curve-flat,0.05999999999999961,False,False,0.0,60.0,0.0,0.0,0.0,40.0,0.0,60.0,0.0,0.0,0.0,40.0,0.0
1997-07-01,credit-spread-tight-yield-curve-flat,credit-spread-tight-yield-curve-flat,-0.2400000000000002,False,False,0.0,60.0,0.0,0.0,0.0,40.0,0.0,60.0,0.0,0.0,0.0,40.0,0.0
1997-08-01,credit-spread-tight-yield-curve-flat,credit-spread-tight-yield-curve-flat,-0.4300000000000006,False,False,0.0,60.0,0.0,0.0,0.0,40.0,0.0,60.0,0.0,0.0,0.0,40.0,0.0
1997-09-02,credit-spread-tight-yield-curve-flat,credit-spread-tight-yield-curve-flat,0.28000000000000025,True,True,40.0,60.0,0.0,0.0,0.0,40.0,0.0,60.0,0.0,0.0,0.0,0.0,40.0
1997-10-01,credit-spread-tight-yield-curve-flat,credit-spread-tight-yield-curve-flat,-0.17999999999999972,False,False,0.0,60.0,0.0,0.0,0.0,40.0,0.0,60.0,0.0,0.0,0.0,40.0,0.0
1997-11-03,credit-spread-wide-yield-curve-flat,credit-spread-tight-yield-curve-flat,-0.16999999999999993,False,False,0.0,60.0,0.0,0.0,0.0,40.0,0.0,60.0,0.0,0.0,0.0,40.0,0.0
1997-12-01,credit-spread-tight-yield-curve-flat,credit-spread-tight-yield-curve-flat,0.009999999999999787,False,False,0.0,60.0,0.0,0.0,0.0,40.0,0.0,60.0,0.0,0.0,0.0,40.0,0.0
1998-01-02,credit-spread-tight-yield-curve-flat,credit-spread-tight-yield-curve-flat,-0.0600000000000005,False,False,0.0,60.0,0.0,0.0,0.0,40.0,0.0,60.0,0.0,0.0,0.0,40.0,0.0
1998-02-02,credit-spread-wide-yield-curve-flat,credit-spread-tight-yield-curve-flat,-0.21999999999999975,False,False,0.0,60.0,0.0,0.0,0.0,40.0,0.0,60.0,0.0,0.0,0.0,40.0,0.0
1998-03-02,credit-spread-wide-yield-curve-flat,credit-spread-tight-yield-curve-flat,0.07000000000000028,False,False,0.0,60.0,0.0,0.0,0.0,40.0,0.0,60.0,0.0,0.0,0.0,40.0,0.0
1998-04-01,credit-spread-wide-yield-curve-flat,credit-spread-wide-yield-curve-flat,0.019999999999999574,False,False,0.0,50.0,50.0,0.0,0.0,0.0,0.0,50.0,50.0,0.0,0.0,0.0,0.0
1998-05-01,credit-spread-wide-yield-curve-flat,credit-spread-wide-yield-curve-flat,0.009999999999999787,False,False,0.0,50.0,50.0,0.0,0.0,0.0,0.0,50.0,50.0,0.0,0.0,0.0,0.0
1998-06-01,credit-spread-wide-yield-curve-flat,credit-spread-wide-yield-curve-flat,-0.09999999999999964,False,False,0.0,50.0,50.0,0.0,0.0,0.0,0.0,50.0,50.0,0.0,0.0,0.0,0.0
1998-07-01,credit-spread-wide-yield-curve-flat,credit-spread-wide-yield-curve-flat,-0.13999999999999968,False,False,0.0,50.0,50.0,0.0,0.0,0.0,0.0,50.0,50.0,0.0,0.0,0.0,0.0
1998-08-03,credit-spread-wide-yield-curve-flat,credit-spread-wide-yield-curve-flat,0.05999999999999961,False,False,0.0,50.0,0.0,0.0,0.0,50.0,0.0,50.0,0.0,0.0,0.0,50.0,0.0
1998-09-01,credit-spread-tight-yield-curve-flat,credit-spread-wide-yield-curve-flat,-0.4500000000000002,False,False,0.0,0.0,0.0,0.0,0.0,100.0,0.0,0.0,0.0,0.0,0.0,100.0,0.0
1998-10-01,credit-spread-tight-yield-curve-flat,credit-spread-wide-yield-curve-flat,-0.6099999999999994,False,False,0.0,0.0,0.0,0.0,0.0,100.0,0.0,0.0,0.0,0.0,0.0,100.0,0.0
1998-11-02,credit-spread-wide-yield-curve-steep,credit-spread-wide-yield-curve-flat,0.20999999999999996,True,True,50.0,50.0,0.0,0.0,0.0,50.0,0.0,50.0,0.0,0.0,0.0,0.0,50.0
1998-12-01,credit-spread-wide-yield-curve-flat,credit-spread-wide-yield-curve-flat,0.20000000000000018,True,True,50.0,50.0,0.0,0.0,0.0,50.0,0.0,50.0,0.0,0.0,0.0,0.0,50.0
1999-01-04,credit-spread-wide-yield-curve-flat,credit-spread-wide-yield-curve-flat,0.07000000000000028,False,False,0.0,50.0,25.0,0.0,0.0,25.0,0.0,50.0,25.0,0.0,0.0,25.0,0.0
1999-02-01,credit-spread-wide-yield-curve-flat,credit-spread-wide-yield-curve-flat,0.019999999999999574,False,False,0.0,50.0,25.0,0.0,0.0,25.0,0.0,50.0,25.0,0.0,0.0,25.0,0.0
1999-03-01,credit-spread-wide-yield-curve-flat,credit-spread-wide-yield-curve-flat,0.6500000000000004,True,True,50.0,50.0,0.0,0.0,0.0,50.0,0.0,50.0,0.0,0.0,0.0,0.0,50.0
1999-04-01,credit-spread-wide-yield-curve-flat,credit-spread-wide-yield-curve-flat,-0.15000000000000036,False,False,0.0,50.0,0.0,0.0,0.0,50.0,0.0,50.0,0.0,0.0,0.0,50.0,0.0
1999-05-04,credit-spread-wide-yield-curve-flat,credit-spread-wide-yield-curve-flat,0.1299999999999999,False,False,0.0,50.0,25.0,0.0,0.0,25.0,0.0,50.0,25.0,0.0,0.0,25.0,0.0
1999-06-01,credit-spread-wide-yield-curve-flat,credit-spread-wide-yield-curve-flat,0.40000000000000036,True,False,0.0,50.0,50.0,0.0,0.0,0.0,0.0,50.0,50.0,0.0,0.0,0.0,0.0
1999-07-01,credit-spread-wide-yield-curve-flat,credit-spread-wide-yield-curve-flat,0.1899999999999995,False,False,0.0,50.0,50.0,0.0,0.0,0.0,0.0,50.0,50.0,0.0,0.0,0.0,0.0
1999-08-02,credit-spread-wide-yield-curve-flat,credit-spread-wide-yield-curve-flat,0.03000000000000025,False,False,0.0,50.0,50.0,0.0,0.0,0.0,0.0,50.0,50.0,0.0,0.0,0.0,0.0
1999-09-01,credit-spread-wide-yield-curve-flat,credit-spread-wide-yield-curve-flat,0.10000000000000053,False,False,0.0,50.0,50.0,0.0,0.0,0.0,0.0,50.0,50.0,0.0,0.0,0.0,0.0
1999-10-01,credit-spread-wide-yield-curve-flat,credit-spread-wide-yield-curve-flat,-0.08000000000000007,False,False,0.0,25.0,50.0,0.0,0.0,25.0,0.0,25.0,50.0,0.0,0.0,25.0,0.0
1999-11-01,credit-spread-wide-yield-curve-flat,credit-spread-wide-yield-curve-flat,0.21999999999999975,True,True,25.0,50.0,25.0,0.0,0.0,25.0,0.0,50.0,25.0,0.0,0.0,0.0,25.0
1999-12-01,credit-spread-wide-yield-curve-flat,credit-spread-wide-yield-curve-flat,0.05999999999999961,False,False,0.0,50.0,25.0,0.0,0.0,25.0,0.0,50.0,25.0,0.0,0.0,25.0,0.0
2000-01-04,credit-spread-wide-yield-curve-flat,credit-spread-wide-yield-curve-flat,0.33999999999999986,True,False,0.0,50.0,50.0,0.0,0.0,0.0,0.0,50.0,50.0,0.0,0.0,0.0,0.0
2000-02-01,credit-spread-wide-yield-curve-flat,credit-spread-wide-yield-curve-flat,0.27999999999999936,True,False,0.0,50.0,50.0,0.0,0.0,0.0,0.0,50.0,50.0,0.0,0.0,0.0,0.0
2000-03-01,credit-spread-tight-yield-curve-flat,credit-spread-wide-yield-curve-flat,-0.2599999999999998,False,False,0.0,0.0,0.0,0.0,0.0,100.0,0.0,0.0,0.0,0.0,0.0,100.0,0.0
2000-04-03,credit-spread-tight-yield-curve-flat,credit-spread-wide-yield-curve-flat,-0.34000000000000075,False,False,0.0,0.0,0.0,0.0,0.0,100.0,0.0,0.0,0.0,0.0,0.0,100.0,0.0
2000-05-02,credit-spread-wide-yield-curve-flat,credit-spread-wide-yield-curve-flat,0.23000000000000043,True,False,0.0,50.0,50.0,0.0,0.0,0.0,0.0,50.0,50.0,0.0,0.0,0.0,0.0
2000-06-01,credit-spread-tight-yield-curve-flat,credit-spread-wide-yield-curve-flat,0.0,False,False,0.0,0.0,0.0,0.0,0.0,100.0,0.0,0.0,0.0,0.0,0.0,100.0,0.0
2000-07-03,credit-spread-wide-yield-curve-flat,credit-spread-wide-yield-curve-flat,-0.16000000000000014,False,False,0.0,50.0,50.0,0.0,0.0,0.0,0.0,50.0,50.0,0.0,0.0,0.0,0.0
2000-08-01,credit-spread-wide-yield-curve-flat,credit-spread-wide-yield-curve-flat,0.0,False,False,0.0,25.0,50.0,0.0,0.0,25.0,0.0,25.0,50.0,0.0,0.0,25.0,0.0
2000-09-01,credit-spread-tight-yield-curve-flat,credit-spread-wide-yield-curve-flat,-0.2699999999999996,False,False,0.0,0.0,0.0,0.0,0.0,100.0,0.0,0.0,0.0,0.0,0.0,100.0,0.0
2000-10-02,credit-spread-wide-yield-curve-flat,credit-spread-wide-yield-curve-flat,0.08999999999999986,False,False,0.0,25.0,50.0,0.0,0.0,25.0,0.0,25.0,50.0,0.0,0.0,25.0,0.0
2000-11-01,credit-spread-wide-yield-curve-flat,credit-spread-wide-yield-curve-flat,-0.05000000000000071,False,False,0.0,25.0,50.0,0.0,0.0,25.0,0.0,25.0,50.0,0.0,0.0,25.0,0.0
2000-12-01,credit-spread-wide-yield-curve-flat,credit-spread-wide-yield-curve-flat,-0.28999999999999915,False,False,0.0,0.0,50.0,0.0,0.0,50.0,0.0,0.0,50.0,0.0,0.0,50.0,0.0
2001-01-02,credit-spread-wide-yield-curve-flat,credit-spread-wide-yield-curve-flat,-0.35000000000000053,False,False,0.0,0.0,50.0,0.0,0.0,50.0,0.0,0.0,50.0,0.0,0.0,50.0,0.0
2001-02-01,credit-spread-wide-yield-curve-steep,credit-spread-wide-yield-curve-flat,0.0600000000000005,False,False,0.0,0.0,50.0,0.0,0.0,50.0,0.0,0.0,50.0,0.0,0.0,50.0,0.0
2001-03-01,credit-spread-tight-yield-curve-steep,credit-spread-wide-yield-curve-flat,-0.40000000000000036,False,False,0.0,0.0,0.0,0.0,0.0,100.0,0.0,0.0,0.0,0.0,0.0,100.0,0.0
2001-04-02,credit-spread-wide-yield-curve-steep,credit-spread-wide-yield-curve-flat,0.11000000000000032,False,False,0.0,0.0,50.0,0.0,0.0,50.0,0.0,0.0,50.0,0.0,0.0,50.0,0.0
2001-05-01,credit-spread-wide-yield-curve-steep,credit-spread-wide-yield-curve-flat,0.3699999999999992,True,True,50.0,0.0,50.0,0.0,0.0,50.0,0.0,0.0,50.0,0.0,0.0,0.0,50.0
2001-06-01,credit-spread-wide-yield-curve-steep,credit-spread-wide-yield-curve-steep,0.1299999999999999,False,False,0.0,0.0,40.0,5.0,0.0,55.0,0.0,0.0,40.0,5.0,0.0,55.0,0.0
2001-07-02,credit-spread-wide-yield-curve-steep,credit-spread-wide-yield-curve-steep,-0.08000000000000007,False,False,0.0,0.0,40.0,5.0,0.0,55.0,0.0,0.0,40.0,5.0,0.0,55.0,0.0
2001-08-01,credit-spread-wide-yield-curve-steep,credit-spread-wide-yield-curve-steep,-0.27999999999999936,False,False,0.0,0.0,40.0,0.0,0.0,60.0,0.0,0.0,40.0,0.0,0.0,60.0,0.0
2001-09-04,credit-spread-tight-yield-curve-steep,credit-spread-wide-yield-curve-steep,-0.3799999999999999,False,False,0.0,0.0,0.0,10.0,0.0,90.0,0.0,0.0,0.0,10.0,0.0,90.0,0.0
2001-10-01,credit-spread-tight-yield-curve-steep,credit-spread-wide-yield-curve-steep,-0.20999999999999996,False,False,0.0,0.0,0.0,10.0,0.0,90.0,0.0,0.0,0.0,10.0,0.0,90.0,0.0
2001-11-01,credit-spread-wide-yield-curve-steep,credit-spread-wide-yield-curve-steep,-0.25,False,False,0.0,0.0,0.0,10.0,0.0,90.0,0.0,0.0,0.0,10.0,0.0,90.0,0.0
2001-12-03,credit-spread-wide-yield-curve-steep,credit-spread-wide-yield-curve-steep,0.5499999999999998,True,True,55.0,0.0,40.0,5.0,0.0,55.0,0.0,0.0,40.0,5.0,0.0,0.0,55.0
2002-01-02,credit-spread-wide-yield-curve-steep,credit-spread-wide-yield-curve-steep,0.33999999999999986,True,True,50.0,0.0,40.0,10.0,0.0,50.0,0.0,0.0,40.0,10.0,0.0,0.0,50.0
2002-02-01,credit-spread-wide-yield-curve-steep,credit-spread-wide-yield-curve-steep,-0.05999999999999961,False,False,0.0,0.0,40.0,10.0,0.0,50.0,0.0,0.0,40.0,10.0,0.0,50.0,0.0
2002-03-01,credit-spread-wide-yield-curve-steep,credit-spread-wide-yield-curve-steep,-0.13999999999999968,False,False,0.0,0.0,40.0,10.0,0.0,50.0,0.0,0.0,40.0,10.0,0.0,50.0,0.0
2002-04-02,credit-spread-wide-yield-curve-steep,credit-spread-wide-yield-curve-steep,0.5600000000000005,True,True,25.0,25.0,40.0,10.0,0.0,25.0,0.0,25.0,40.0,10.0,0.0,0.0,25.0
2002-05-01,credit-spread-wide-yield-curve-steep,credit-spread-wide-yield-curve-steep,-0.23999999999999932,False,False,0.0,0.0,40.0,10.0,0.0,50.0,0.0,0.0,40.0,10.0,0.0,50.0,0.0
2002-06-05,credit-spread-wide-yield-curve-steep,credit-spread-wide-yield-curve-steep,-0.08999999999999986,False,False,0.0,0.0,40.0,10.0,0.0,50.0,0.0,0.0,40.0,10.0,0.0,50.0,0.0
2002-07-01,credit-spread-wide-yield-curve-steep,credit-spread-wide-yield-curve-steep,-0.21999999999999975,False,False,0.0,0.0,40.0,10.0,0.0,50.0,0.0,0.0,40.0,10.0,0.0,50.0,0.0
2002-08-01,credit-spread-wide-yield-curve-steep,credit-spread-wide-yield-curve-steep,-0.33999999999999986,False,False,0.0,0.0,0.0,10.0,0.0,90.0,0.0,0.0,0.0,10.0,0.0,90.0,0.0
2002-09-03,credit-spread-wide-yield-curve-steep,credit-spread-wide-yield-curve-steep,-0.3099999999999996,False,False,0.0,0.0,0.0,10.0,0.0,90.0,0.0,0.0,0.0,10.0,0.0,90.0,0.0
2002-10-01,credit-spread-tight-yield-curve-steep,credit-spread-wide-yield-curve-steep,-0.5300000000000002,False,False,0.0,0.0,0.0,10.0,0.0,90.0,0.0,0.0,0.0,10.0,0.0,90.0,0.0
2002-11-01,credit-spread-wide-yield-curve-steep,credit-spread-wide-yield-curve-steep,0.20999999999999996,True,True,90.0,0.0,0.0,10.0,0.0,90.0,0.0,0.0,0.0,10.0,0.0,0.0,90.0
2002-12-02,credit-spread-wide-yield-curve-steep,credit-spread-wide-yield-curve-steep,0.1499999999999999,False,False,0.0,25.0,0.0,10.0,0.0,65.0,0.0,25.0,0.0,10.0,0.0,65.0,0.0
2003-01-02,credit-spread-wide-yield-curve-steep,credit-spread-wide-yield-curve-steep,-0.3999999999999999,False,False,0.0,0.0,0.0,10.0,0.0,90.0,0.0,0.0,0.0,10.0,0.0,90.0,0.0
2003-02-03,credit-spread-wide-yield-curve-steep,credit-spread-wide-yield-curve-steep,-0.07000000000000028,False,False,0.0,0.0,0.0,10.0,0.0,90.0,0.0,0.0,0.0,10.0,0.0,90.0,0.0
2003-03-03,credit-spread-wide-yield-curve-steep,credit-spread-wide-yield-curve-steep,-0.2400000000000002,False,False,0.0,0.0,0.0,10.0,0.0,90.0,0.0,0.0,0.0,10.0,0.0,90.0,0.0
2003-04-01,credit-spread-wide-yield-curve-steep,credit-spread-wide-yield-curve-steep,0.07000000000000028,False,False,0.0,0.0,0.0,10.0,0.0,90.0,0.0,0.0,0.0,10.0,0.0,90.0,0.0
2003-05-01,credit-spread-wide-yield-curve-steep,credit-spread-wide-yield-curve-steep,0.06000000000000005,False,False,0.0,25.0,20.0,10.0,0.0,45.0,0.0,25.0,20.0,10.0,0.0,45.0,0.0
2003-06-02,credit-spread-wide-yield-curve-steep,credit-spread-wide-yield-curve-steep,-0.54,False,False,0.0,50.0,40.0,10.0,0.0,0.0,0.0,50.0,40.0,10.0,0.0,0.0,0.0
2003-07-01,credit-spread-wide-yield-curve-steep,credit-spread-wide-yield-curve-steep,0.20000000000000018,True,True,5.0,50.0,40.0,5.0,0.0,5.0,0.0,50.0,40.0,5.0,0.0,0.0,5.0
2003-08-01,credit-spread-wide-yield-curve-steep,credit-spread-wide-yield-curve-steep,0.9300000000000002,True,False,0.0,50.0,40.0,10.0,0.0,0.0,0.0,50.0,40.0,10.0,0.0,0.0,0.0
2003-09-02,credit-spread-wide-yield-curve-steep,credit-spread-wide-yield-curve-steep,-0.07000000000000028,False,False,0.0,50.0,40.0,10.0,0.0,0.0,0.0,50.0,40.0,10.0,0.0,0.0,0.0
2003-10-01,credit-spread-wide-yield-curve-steep,credit-spread-wide-yield-curve-steep,-0.45999999999999996,False,False,0.0,50.0,40.0,10.0,0.0,0.0,0.0,50.0,40.0,10.0,0.0,0.0,0.0
2003-11-03,credit-spread-wide-yield-curve-steep,credit-spread-wide-yield-curve-steep,0.33000000000000007,True,False,0.0,50.0,40.0,10.0,0.0,0.0,0.0,50.0,40.0,10.0,0.0,0.0,0.0
2003-12-01,credit-spread-wide-yield-curve-steep,credit-spread-wide-yield-curve-steep,-0.16999999999999993,False,False,0.0,50.0,40.0,10.0,0.0,0.0,0.0,50.0,40.0,10.0,0.0,0.0,0.0
2004-01-02,credit-spread-wide-yield-curve-steep,credit-spread-wide-yield-curve-steep,-0.08999999999999986,False,False,0.0,50.0,40.0,10.0,0.0,0.0,0.0,50.0,40.0,10.0,0.0,0.0,0.0
2004-02-02,credit-spread-wide-yield-curve-steep,credit-spread-wide-yield-curve-steep,-0.07000000000000028,False,False,0.0,50.0,40.0,10.0,0.0,0.0,0.0,50.0,40.0,10.0,0.0,0.0,0.0
2004-03-01,credit-spread-wide-yield-curve-steep,credit-spread-wide-yield-curve-steep,-0.16999999999999993,False,False,0.0,50.0,40.0,10.0,0.0,0.0,0.0,50.0,40.0,10.0,0.0,0.0,0.0
2004-04-01,credit-spread-wide-yield-curve-steep,credit-spread-wide-yield-curve-steep,-0.14000000000000012,False,False,0.0,50.0,40.0,10.0,0.0,0.0,0.0,50.0,40.0,10.0,0.0,0.0,0.0
2004-05-04,credit-spread-tight-yield-curve-steep,credit-spread-wide-yield-curve-steep,0.6200000000000001,True,True,5.0,50.0,40.0,5.0,0.0,5.0,0.0,50.0,40.0,5.0,0.0,0.0,5.0
2004-06-01,credit-spread-tight-yield-curve-steep,credit-spread-wide-yield-curve-steep,0.04999999999999982,False,False,0.0,50.0,40.0,5.0,0.0,5.0,0.0,50.0,40.0,5.0,0.0,5.0,0.0
2004-07-01,credit-spread-tight-yield-curve-steep,credit-spread-tight-yield-curve-steep,0.020000000000000462,False,False,0.0,0.0,10.0,0.0,25.0,65.0,0.0,0.0,10.0,0.0,25.0,65.0,0.0
2004-08-02,credit-spread-tight-yield-curve-steep,credit-spread-tight-yield-curve-steep,0.02999999999999936,False,False,0.0,0.0,5.0,0.0,50.0,45.0,0.0,0.0,5.0,0.0,50.0,45.0,0.0
2004-09-01,credit-spread-wide-yield-curve-steep,credit-spread-tight-yield-curve-steep,-0.46999999999999975,False,False,0.0,0.0,10.0,0.0,50.0,40.0,0.0,0.0,10.0,0.0,50.0,40.0,0.0
2004-10-01,credit-spread-tight-yield-curve-steep,credit-spread-tight-yield-curve-steep,0.009999999999999787,False,False,0.0,0.0,10.0,0.0,50.0,40.0,0.0,0.0,10.0,0.0,50.0,40.0,0.0
2004-11-01,credit-spread-tight-yield-curve-steep,credit-spread-tight-yield-curve-steep,-0.04999999999999982,False,False,0.0,0.0,10.0,0.0,50.0,40.0,0.0,0.0,10.0,0.0,50.0,40.0,0.0
2004-12-01,credit-spread-tight-yield-curve-steep,credit-spread-tight-yield-curve-steep,0.27000000000000046,True,True,90.0,0.0,10.0,0.0,50.0,40.0,0.0,0.0,10.0,0.0,0.0,0.0,90.0
2005-01-03,credit-spread-tight-yield-curve-steep,credit-spread-tight-yield-curve-steep,-0.13000000000000078,False,False,0.0,0.0,10.0,0.0,50.0,40.0,0.0,0.0,10.0,0.0,50.0,40.0,0.0
2005-02-01,credit-spread-tight-yield-curve-steep,credit-spread-tight-yield-curve-steep,-0.1299999999999999,False,False,0.0,0.0,10.0,0.0,50.0,40.0,0.0,0.0,10.0,0.0,50.0,40.0,0.0
2005-03-01,credit-spread-tight-yield-curve-steep,credit-spread-tight-yield-curve-steep,0.14000000000000057,False,False,0.0,0.0,10.0,0.0,50.0,40.0,0.0,0.0,10.0,0.0,50.0,40.0,0.0
2005-04-01,credit-spread-tight-yield-curve-steep,credit-spread-tight-yield-curve-steep,0.1200000000000001,False,False,0.0,0.0,10.0,0.0,25.0,65.0,0.0,0.0,10.0,0.0,25.0,65.0,0.0
2005-05-02,credit-spread-tight-yield-curve-steep,credit-spread-tight-yield-curve-steep,-0.3099999999999996,False,False,0.0,0.0,5.0,0.0,50.0,45.0,0.0,0.0,5.0,0.0,50.0,45.0,0.0
2005-06-01,credit-spread-tight-yield-curve-flat,credit-spread-tight-yield-curve-steep,-0.1900000000000004,False,False,0.0,0.0,10.0,0.0,50.0,40.0,0.0,0.0,10.0,0.0,50.0,40.0,0.0
2005-07-01,credit-spread-tight-yield-curve-flat,credit-spread-tight-yield-curve-steep,-0.06000000000000005,False,False,0.0,0.0,10.0,0.0,50.0,40.0,0.0,0.0,10.0,0.0,50.0,40.0,0.0
2005-08-01,credit-spread-tight-yield-curve-flat,credit-spread-tight-yield-curve-flat,0.26000000000000023,True,False,0.0,60.0,0.0,40.0,0.0,0.0,0.0,60.0,0.0,40.0,0.0,0.0,0.0
2005-09-01,credit-spread-tight-yield-curve-flat,credit-spread-tight-yield-curve-flat,-0.3000000000000007,False,False,0.0,60.0,0.0,40.0,0.0,0.0,0.0,60.0,0.0,40.0,0.0,0.0,0.0
2005-10-03,credit-spread-tight-yield-curve-flat,credit-spread-tight-yield-curve-flat,0.27000000000000046,True,False,0.0,60.0,0.0,40.0,0.0,0.0,0.0,60.0,0.0,40.0,0.0,0.0,0.0
2005-11-01,credit-spread-tight-yield-curve-flat,credit-spread-tight-yield-curve-flat,0.28000000000000025,True,False,0.0,60.0,0.0,40.0,0.0,0.0,0.0,60.0,0.0,40.0,0.0,0.0,0.0
2005-12-01,credit-spread-tight-yield-curve-flat,credit-spread-tight-yield-curve-flat,-0.08000000000000007,False,False,0.0,60.0,0.0,40.0,0.0,0.0,0.0,60.0,0.0,40.0,0.0,0.0,0.0
2006-01-03,credit-spread-tight-yield-curve-flat,credit-spread-tight-yield-curve-flat,-0.14999999999999947,False,False,0.0,60.0,0.0,40.0,0.0,0.0,0.0,60.0,0.0,40.0,0.0,0.0,0.0
2006-02-01,credit-spread-tight-yield-curve-flat,credit-spread-tight-yield-curve-flat,0.16000000000000014,False,False,0.0,60.0,0.0,40.0,0.0,0.0,0.0,60.0,0.0,40.0,0.0,0.0,0.0
2006-03-01,credit-spread-tight-yield-curve-flat,credit-spread-tight-yield-curve-flat,0.019999999999999574,False,False,0.0,60.0,0.0,40.0,0.0,0.0,0.0,60.0,0.0,40.0,0.0,0.0,0.0
2006-04-03,credit-spread-tight-yield-curve-flat,credit-spread-tight-yield-curve-flat,0.22000000000000064,True,False,0.0,60.0,0.0,40.0,0.0,0.0,0.0,60.0,0.0,40.0,0.0,0.0,0.0
2006-05-01,credit-spread-tight-yield-curve-flat,credit-spread-tight-yield-curve-flat,0.22999999999999954,True,False,0.0,60.0,0.0,40.0,0.0,0.0,0.0,60.0,0.0,40.0,0.0,0.0,0.0
2006-06-01,credit-spread-tight-yield-curve-flat,credit-spread-tight-yield-curve-flat,-0.019999999999999574,False,False,0.0,60.0,0.0,40.0,0.0,0.0,0.0,60.0,0.0,40.0,0.0,0.0,0.0
2006-07-03,credit-spread-tight-yield-curve-flat,credit-spread-tight-yield-curve-flat,0.10999999999999943,False,False,0.0,60.0,0.0,40.0,0.0,0.0,0.0,60.0,0.0,40.0,0.0,0.0,0.0
2006-08-01,credit-spread-tight-yield-curve-flat,credit-spread-tight-yield-curve-flat,-0.22999999999999954,False,False,0.0,60.0,0.0,40.0,0.0,0.0,0.0,60.0,0.0,40.0,0.0,0.0,0.0
2006-09-01,credit-spread-tight-yield-curve-flat,credit-spread-tight-yield-curve-flat,-0.25,False,False,0.0,60.0,0.0,40.0,0.0,0.0,0.0,60.0,0.0,40.0,0.0,0.0,0.0
2006-10-02,credit-spread-tight-yield-curve-flat,credit-spread-tight-yield-curve-flat,-0.11000000000000032,False,False,0.0,60.0,0.0,20.0,0.0,20.0,0.0,60.0,0.0,20.0,0.0,20.0,0.0
2006-11-01,credit-spread-tight-yield-curve-flat,credit-spread-tight-yield-curve-flat,-0.019999999999999574,False,False,0.0,60.0,0.0,20.0,0.0,20.0,0.0,60.0,0.0,20.0,0.0,20.0,0.0
2006-12-01,credit-spread-tight-yield-curve-flat,credit-spread-tight-yield-curve-flat,-0.15000000000000036,False,False,0.0,60.0,0.0,40.0,0.0,0.0,0.0,60.0,0.0,40.0,0.0,0.0,0.0
2007-01-03,credit-spread-tight-yield-curve-flat,credit-spread-tight-yield-curve-flat,0.21999999999999975,True,False,0.0,60.0,0.0,40.0,0.0,0.0,0.0,60.0,0.0,40.0,0.0,0.0,0.0
2007-02-01,credit-spread-tight-yield-curve-flat,credit-spread-tight-yield-curve-flat,0.1299999999999999,False,False,0.0,60.0,0.0,40.0,0.0,0.0,0.0,60.0,0.0,40.0,0.0,0.0,0.0
2007-03-01,credit-spread-tight-yield-curve-flat,credit-spread-tight-yield-curve-flat,-0.34000000000000075,False,False,0.0,60.0,0.0,40.0,0.0,0.0,0.0,60.0,0.0,40.0,0.0,0.0,0.0
2007-04-02,credit-spread-tight-yield-curve-flat,credit-spread-tight-yield-curve-flat,0.08000000000000007,False,False,0.0,60.0,0.0,40.0,0.0,0.0,0.0,60.0,0.0,40.0,0.0,0.0,0.0
2007-05-01,credit-spread-tight-yield-curve-flat,credit-spread-tight-yield-curve-flat,-0.009999999999999787,False,False,0.0,60.0,0.0,40.0,0.0,0.0,0.0,60.0,0.0,40.0,0.0,0.0,0.0
2007-06-01,credit-spread-tight-yield-curve-flat,credit-spread-tight-yield-curve-flat,0.2600000000000007,True,False,0.0,60.0,0.0,40.0,0.0,0.0,0.0,60.0,0.0,40.0,0.0,0.0,0.0
2007-07-02,credit-spread-tight-yield-curve-flat,credit-spread-tight-yield-curve-flat,0.21999999999999975,True,True,20.0,60.0,0.0,20.0,0.0,20.0,0.0,60.0,0.0,20.0,0.0,0.0,20.0
2007-08-01,credit-spread-tight-yield-curve-flat,credit-spread-tight-yield-curve-flat,-0.33999999999999986,False,False,0.0,30.0,0.0,40.0,0.0,30.0,0.0,30.0,0.0,40.0,0.0,30.0,0.0
2007-09-04,credit-spread-tight-yield-curve-steep,credit-spread-tight-yield-curve-flat,-0.2599999999999998,False,False,0.0,60.0,0.0,40.0,0.0,0.0,0.0,60.0,0.0,40.0,0.0,0.0,0.0
2007-10-01,credit-spread-tight-yield-curve-steep,credit-spread-tight-yield-curve-flat,0.07000000000000028,False,False,0.0,60.0,0.0,40.0,0.0,0.0,0.0,60.0,0.0,40.0,0.0,0.0,0.0
2007-11-01,credit-spread-tight-yield-curve-steep,credit-spread-tight-yield-curve-steep,-0.07999999999999918,False,False,0.0,0.0,0.0,0.0,50.0,50.0,0.0,0.0,0.0,0.0,50.0,50.0,0.0
2007-12-03,credit-spread-tight-yield-curve-steep,credit-spread-tight-yield-curve-steep,-0.4200000000000004,False,False,0.0,0.0,0.0,0.0,50.0,50.0,0.0,0.0,0.0,0.0,50.0,50.0,0.0
2008-01-02,credit-spread-wide-yield-curve-steep,credit-spread-tight-yield-curve-steep,0.27,True,True,100.0,0.0,0.0,0.0,50.0,50.0,0.0,0.0,0.0,0.0,0.0,0.0,100.0
2008-02-01,credit-spread-tight-yield-curve-steep,credit-spread-tight-yield-curve-steep,-0.54,False,False,0.0,0.0,0.0,0.0,50.0,50.0,0.0,0.0,0.0,0.0,50.0,50.0,0.0
2008-03-03,credit-spread-tight-yield-curve-steep,credit-spread-tight-yield-curve-steep,0.040000000000000036,False,False,0.0,0.0,0.0,0.0,50.0,50.0,0.0,0.0,0.0,0.0,50.0,50.0,0.0
2008-04-01,credit-spread-tight-yield-curve-steep,credit-spread-tight-yield-curve-steep,-0.2599999999999998,False,False,0.0,0.0,0.0,0.0,50.0,50.0,0.0,0.0,0.0,0.0,50.0,50.0,0.0
2008-05-01,credit-spread-wide-yield-curve-steep,credit-spread-tight-yield-curve-steep,0.31999999999999984,True,True,100.0,0.0,0.0,0.0,50.0,50.0,0.0,0.0,0.0,0.0,0.0,0.0,100.0
2008-06-02,credit-spread-wide-yield-curve-steep,credit-spread-tight-yield-curve-steep,0.30000000000000027,True,True,95.0,0.0,5.0,0.0,25.0,70.0,0.0,0.0,5.0,0.0,0.0,0.0,95.0
2008-07-01,credit-spread-wide-yield-curve-steep,credit-spread-wide-yield-curve-steep,-0.08999999999999986,False,False,0.0,0.0,0.0,10.0,0.0,90.0,0.0,0.0,0.0,10.0,0.0,90.0,0.0
2008-08-01,credit-spread-wide-yield-curve-steep,credit-spread-wide-yield-curve-steep,-0.019999999999999574,False,False,0.0,0.0,0.0,5.0,0.0,95.0,0.0,0.0,0.0,5.0,0.0,95.0,0.0
2008-09-02,credit-spread-wide-yield-curve-steep,credit-spread-wide-yield-curve-steep,-0.20000000000000018,False,False,0.0,0.0,20.0,0.0,0.0,80.0,0.0,0.0,20.0,0.0,0.0,80.0,0.0
2008-10-01,credit-spread-tight-yield-curve-steep,credit-spread-wide-yield-curve-steep,0.06000000000000005,False,False,0.0,0.0,0.0,5.0,0.0,95.0,0.0,0.0,0.0,5.0,0.0,95.0,0.0
2008-11-03,credit-spread-tight-yield-curve-steep,credit-spread-wide-yield-curve-steep,0.33999999999999986,True,True,100.0,0.0,0.0,0.0,0.0,100.0,0.0,0.0,0.0,0.0,0.0,0.0,100.0
2008-12-01,credit-spread-tight-yield-curve-steep,credit-spread-tight-yield-curve-steep,-0.8900000000000001,False,False,0.0,0.0,0.0,0.0,0.0,100.0,0.0,0.0,0.0,0.0,0.0,100.0,0.0
2009-01-02,credit-spread-wide-yield-curve-steep,credit-spread-tight-yield-curve-steep,-0.5700000000000003,False,False,0.0,0.0,0.0,0.0,0.0,100.0,0.0,0.0,0.0,0.0,0.0,100.0,0.0
2009-02-02,credit-spread-wide-yield-curve-steep,credit-spread-tight-yield-curve-steep,0.7600000000000002,True,True,100.0,0.0,0.0,0.0,0.0,100.0,0.0,0.0,0.0,0.0,0.0,0.0,100.0
2009-03-02,credit-spread-wide-yield-curve-steep,credit-spread-wide-yield-curve-steep,0.10999999999999988,False,False,0.0,0.0,0.0,10.0,0.0,90.0,0.0,0.0,0.0,10.0,0.0,90.0,0.0
2009-04-01,credit-spread-tight-yield-curve-steep,credit-spread-wide-yield-curve-steep,-0.27,False,False,0.0,0.0,0.0,10.0,0.0,90.0,0.0,0.0,0.0,10.0,0.0,90.0,0.0
2009-05-01,credit-spread-wide-yield-curve-steep,credit-spread-wide-yield-curve-steep,0.4500000000000002,True,True,45.0,25.0,20.0,10.0,0.0,45.0,0.0,25.0,20.0,10.0,0.0,0.0,45.0
2009-06-01,credit-spread-wide-yield-curve-steep,credit-spread-wide-yield-curve-steep,0.5099999999999998,True,True,45.0,25.0,20.0,10.0,0.0,45.0,0.0,25.0,20.0,10.0,0.0,0.0,45.0
2009-07-01,credit-spread-wide-yield-curve-steep,credit-spread-wide-yield-curve-steep,-0.14000000000000012,False,False,0.0,25.0,20.0,10.0,0.0,45.0,0.0,25.0,20.0,10.0,0.0,45.0,0.0
2009-08-03,credit-spread-wide-yield-curve-steep,credit-spread-wide-yield-curve-steep,0.1200000000000001,False,False,0.0,50.0,40.0,10.0,0.0,0.0,0.0,50.0,40.0,10.0,0.0,0.0,0.0
2009-09-01,credit-spread-wide-yield-curve-steep,credit-spread-wide-yield-curve-steep,-0.27,False,False,0.0,50.0,40.0,10.0,0.0,0.0,0.0,50.0,40.0,10.0,0.0,0.0,0.0
2009-10-01,credit-spread-wide-yield-curve-steep,credit-spread-wide-yield-curve-steep,-0.08999999999999986,False,False,0.0,50.0,40.0,10.0,0.0,0.0,0.0,50.0,40.0,10.0,0.0,0.0,0.0
2009-11-02,credit-spread-wide-yield-curve-steep,credit-spread-wide-yield-curve-steep,0.31999999999999984,True,False,0.0,50.0,40.0,10.0,0.0,0.0,0.0,50.0,40.0,10.0,0.0,0.0,0.0
2009-12-01,credit-spread-wide-yield-curve-steep,credit-spread-wide-yield-curve-steep,-0.31999999999999984,False,False,0.0,50.0,40.0,10.0,0.0,0.0,0.0,50.0,40.0,10.0,0.0,0.0,0.0
2010-01-04,credit-spread-wide-yield-curve-steep,credit-spread-wide-yield-curve-steep,0.4099999999999997,True,False,0.0,50.0,40.0,10.0,0.0,0.0,0.0,50.0,40.0,10.0,0.0,0.0,0.0
2010-02-01,credit-spread-wide-yield-curve-steep,credit-spread-wide-yield-curve-steep,-0.11999999999999966,False,False,0.0,50.0,40.0,10.0,0.0,0.0,0.0,50.0,40.0,10.0,0.0,0.0,0.0
2010-03-01,credit-spread-wide-yield-curve-steep,credit-spread-wide-yield-curve-steep,-0.040000000000000036,False,False,0.0,50.0,40.0,10.0,0.0,0.0,0.0,50.0,40.0,10.0,0.0,0.0,0.0
2010-04-01,credit-spread-tight-yield-curve-steep,credit-spread-wide-yield-curve-steep,0.22999999999999998,True,False,0.0,50.0,40.0,10.0,0.0,0.0,0.0,50.0,40.0,10.0,0.0,0.0,0.0
2010-05-03,credit-spread-tight-yield-curve-steep,credit-spread-wide-yield-curve-steep,-0.08000000000000007,False,False,0.0,50.0,40.0,10.0,0.0,0.0,0.0,50.0,40.0,10.0,0.0,0.0,0.0
2010-06-01,credit-spread-tight-yield-curve-steep,credit-spread-tight-yield-curve-steep,-0.41999999999999993,False,False,0.0,0.0,0.0,0.0,50.0,50.0,0.0,0.0,0.0,0.0,50.0,50.0,0.0
2010-07-01,credit-spread-wide-yield-curve-steep,credit-spread-tight-yield-curve-steep,-0.36999999999999966,False,False,0.0,0.0,5.0,0.0,50.0,45.0,0.0,0.0,5.0,0.0,50.0,45.0,0.0
2010-08-02,credit-spread-wide-yield-curve-steep,credit-spread-tight-yield-curve-steep,0.06999999999999984,False,False,0.0,0.0,5.0,0.0,50.0,45.0,0.0,0.0,5.0,0.0,50.0,45.0,0.0
2010-09-01,credit-spread-wide-yield-curve-steep,credit-spread-wide-yield-curve-steep,-0.5599999999999996,False,False,0.0,0.0,0.0,10.0,0.0,90.0,0.0,0.0,0.0,10.0,0.0,90.0,0.0
2010-10-01,credit-spread-wide-yield-curve-steep,credit-spread-wide-yield-curve-steep,0.05999999999999961,False,False,0.0,50.0,40.0,10.0,0.0,0.0,0.0,50.0,40.0,10.0,0.0,0.0,0.0
2010-11-01,credit-spread-wide-yield-curve-steep,credit-spread-wide-yield-curve-steep,0.16000000000000014,False,False,0.0,50.0,40.0,10.0,0.0,0.0,0.0,50.0,40.0,10.0,0.0,0.0,0.0
2010-12-01,credit-spread-wide-yield-curve-steep,credit-spread-wide-yield-curve-steep,0.1200000000000001,False,False,0.0,50.0,40.0,10.0,0.0,0.0,0.0,50.0,40.0,10.0,0.0,0.0,0.0
2011-01-03,credit-spread-wide-yield-curve-steep,credit-spread-wide-yield-curve-steep,0.3700000000000001,True,False,0.0,50.0,40.0,10.0,0.0,0.0,0.0,50.0,40.0,10.0,0.0,0.0,0.0
2011-02-01,credit-spread-wide-yield-curve-steep,credit-spread-wide-yield-curve-steep,0.040000000000000036,False,False,0.0,50.0,40.0,10.0,0.0,0.0,0.0,50.0,40.0,10.0,0.0,0.0,0.0
2011-03-01,credit-spread-tight-yield-curve-steep,credit-spread-wide-yield-curve-steep,0.0,False,False,0.0,50.0,40.0,10.0,0.0,0.0,0.0,50.0,40.0,10.0,0.0,0.0,0.0
2011-04-01,credit-spread-tight-yield-curve-steep,credit-spread-wide-yield-curve-steep,0.06000000000000005,False,False,0.0,50.0,40.0,10.0,0.0,0.0,0.0,50.0,40.0,10.0,0.0,0.0,0.0
2011-05-02,credit-spread-tight-yield-curve-steep,credit-spread-tight-yield-curve-steep,-0.13000000000000034,False,False,0.0,0.0,10.0,0.0,50.0,40.0,0.0,0.0,10.0,0.0,50.0,40.0,0.0
2011-06-01,credit-spread-wide-yield-curve-steep,credit-spread-tight-yield-curve-steep,-0.29000000000000004,False,False,0.0,0.0,10.0,0.0,50.0,40.0,0.0,0.0,10.0,0.0,50.0,40.0,0.0
2011-07-01,credit-spread-wide-yield-curve-steep,credit-spread-tight-yield-curve-steep,0.13000000000000034,False,False,0.0,0.0,10.0,0.0,50.0,40.0,0.0,0.0,10.0,0.0,50.0,40.0,0.0
2011-08-01,credit-spread-wide-yield-curve-steep,credit-spread-wide-yield-curve-steep,-0.20000000000000018,False,False,0.0,25.0,20.0,10.0,0.0,45.0,0.0,25.0,20.0,10.0,0.0,45.0,0.0
2011-09-01,credit-spread-tight-yield-curve-steep,credit-spread-wide-yield-curve-steep,-0.54,False,False,0.0,0.0,0.0,10.0,0.0,90.0,0.0,0.0,0.0,10.0,0.0,90.0,0.0
2011-10-03,credit-spread-wide-yield-curve-flat,credit-spread-wide-yield-curve-steep,-0.15999999999999992,False,False,0.0,0.0,0.0,10.0,0.0,90.0,0.0,0.0,0.0,10.0,0.0,90.0,0.0
2011-11-01,credit-spread-wide-yield-curve-steep,credit-spread-wide-yield-curve-steep,0.17999999999999994,False,False,0.0,25.0,0.0,10.0,0.0,65.0,0.0,25.0,0.0,10.0,0.0,65.0,0.0
2011-12-01,credit-spread-tight-yield-curve-flat,credit-spread-wide-yield-curve-steep,-0.08999999999999986,False,False,0.0,0.0,0.0,10.0,0.0,90.0,0.0,0.0,0.0,10.0,0.0,90.0,0.0
2012-01-03,credit-spread-wide-yield-curve-flat,credit-spread-wide-yield-curve-steep,-0.19999999999999996,False,False,0.0,50.0,20.0,5.0,0.0,25.0,0.0,50.0,20.0,5.0,0.0,25.0,0.0
2012-02-01,credit-spread-wide-yield-curve-flat,credit-spread-wide-yield-curve-steep,-0.07999999999999985,False,False,0.0,50.0,40.0,10.0,0.0,0.0,0.0,50.0,40.0,10.0,0.0,0.0,0.0
2012-03-01,credit-spread-wide-yield-curve-flat,credit-spread-wide-yield-curve-flat,0.10999999999999988,False,False,0.0,50.0,50.0,0.0,0.0,0.0,0.0,50.0,50.0,0.0,0.0,0.0,0.0
2012-04-02,credit-spread-wide-yield-curve-flat,credit-spread-wide-yield-curve-flat,0.15000000000000036,False,False,0.0,50.0,50.0,0.0,0.0,0.0,0.0,50.0,50.0,0.0,0.0,0.0,0.0
2012-05-01,credit-spread-wide-yield-curve-flat,credit-spread-wide-yield-curve-flat,-0.2300000000000002,False,False,0.0,50.0,50.0,0.0,0.0,0.0,0.0,50.0,50.0,0.0,0.0,0.0,0.0
2012-06-01,credit-spread-wide-yield-curve-flat,credit-spread-wide-yield-curve-flat,-0.3899999999999999,False,False,0.0,25.0,0.0,0.0,0.0,75.0,0.0,25.0,0.0,0.0,0.0,75.0,0.0
2012-07-02,credit-spread-wide-yield-curve-flat,credit-spread-wide-yield-curve-flat,0.010000000000000009,False,False,0.0,50.0,50.0,0.0,0.0,0.0,0.0,50.0,50.0,0.0,0.0,0.0,0.0
2012-08-01,credit-spread-wide-yield-curve-flat,credit-spread-wide-yield-curve-flat,-0.09000000000000008,False,False,0.0,50.0,25.0,0.0,0.0,25.0,0.0,50.0,25.0,0.0,0.0,25.0,0.0
2012-09-04,credit-spread-wide-yield-curve-flat,credit-spread-wide-yield-curve-flat,0.11999999999999988,False,False,0.0,50.0,50.0,0.0,0.0,0.0,0.0,50.0,50.0,0.0,0.0,0.0,0.0
2012-10-01,credit-spread-wide-yield-curve-flat,credit-spread-wide-yield-curve-flat,0.030000000000000027,False,False,0.0,50.0,50.0,0.0,0.0,0.0,0.0,50.0,50.0,0.0,0.0,0.0,0.0
2012-11-01,credit-spread-wide-yield-curve-flat,credit-spread-wide-yield-curve-flat,0.08000000000000007,False,False,0.0,50.0,50.0,0.0,0.0,0.0,0.0,50.0,50.0,0.0,0.0,0.0,0.0
2012-12-03,credit-spread-tight-yield-curve-flat,credit-spread-wide-yield-curve-flat,-0.1299999999999999,False,False,0.0,0.0,0.0,0.0,0.0,100.0,0.0,0.0,0.0,0.0,0.0,100.0,0.0
2013-01-02,credit-spread-wide-yield-curve-flat,credit-spread-wide-yield-curve-flat,0.11999999999999988,False,False,0.0,50.0,50.0,0.0,0.0,0.0,0.0,50.0,50.0,0.0,0.0,0.0,0.0
2013-02-01,credit-spread-wide-yield-curve-steep,credit-spread-wide-yield-curve-flat,0.28,True,False,0.0,50.0,50.0,0.0,0.0,0.0,0.0,50.0,50.0,0.0,0.0,0.0,0.0
2013-03-01,credit-spread-wide-yield-curve-flat,credit-spread-wide-yield-curve-flat,-0.1399999999999999,False,False,0.0,50.0,50.0,0.0,0.0,0.0,0.0,50.0,50.0,0.0,0.0,0.0,0.0
2013-04-01,credit-spread-wide-yield-curve-flat,credit-spread-wide-yield-curve-flat,-0.019999999999999796,False,False,0.0,50.0,50.0,0.0,0.0,0.0,0.0,50.0,50.0,0.0,0.0,0.0,0.0
2013-05-01,credit-spread-wide-yield-curve-flat,credit-spread-wide-yield-curve-flat,-0.17000000000000015,False,False,0.0,50.0,50.0,0.0,0.0,0.0,0.0,50.0,50.0,0.0,0.0,0.0,0.0
2013-06-03,credit-spread-wide-yield-curve-steep,credit-spread-wide-yield-curve-flat,0.47,True,False,0.0,50.0,50.0,0.0,0.0,0.0,0.0,50.0,50.0,0.0,0.0,0.0,0.0
2013-07-01,credit-spread-wide-yield-curve-steep,credit-spread-wide-yield-curve-flat,0.3600000000000003,True,False,0.0,50.0,50.0,0.0,0.0,0.0,0.0,50.0,50.0,0.0,0.0,0.0,0.0
2013-08-01,credit-spread-wide-yield-curve-steep,credit-spread-wide-yield-curve-steep,0.10000000000000009,False,False,0.0,50.0,40.0,0.0,0.0,0.0,10.0,50.0,40.0,0.0,0.0,0.0,10.0
2013-09-03,credit-spread-tight-yield-curve-steep,credit-spread-wide-yield-curve-steep,0.009999999999999787,False,False,0.0,50.0,40.0,0.0,0.0,0.0,10.0,50.0,40.0,0.0,0.0,0.0,10.0
2013-10-01,credit-spread-wide-yield-curve-steep,credit-spread-wide-yield-curve-steep,-0.10999999999999988,False,False,0.0,50.0,40.0,0.0,0.0,0.0,10.0,50.0,40.0,0.0,0.0,0.0,10.0
2013-11-01,credit-spread-tight-yield-curve-steep,credit-spread-wide-yield-curve-steep,-0.0900000000000003,False,False,0.0,50.0,40.0,0.0,0.0,0.0,10.0,50.0,40.0,0.0,0.0,0.0,10.0
2013-12-02,credit-spread-tight-yield-curve-steep,credit-spread-wide-yield-curve-steep,0.14000000000000012,False,False,0.0,50.0,40.0,0.0,0.0,0.0,10.0,50.0,40.0,0.0,0.0,0.0,10.0
2014-01-02,credit-spread-tight-yield-curve-steep,credit-spread-tight-yield-curve-steep,0.18000000000000016,False,False,0.0,0.0,10.0,0.0,25.0,0.0,65.0,0.0,10.0,0.0,25.0,0.0,65.0
2014-02-03,credit-spread-tight-yield-curve-steep,credit-spread-tight-yield-curve-steep,-0.2799999999999998,False,False,0.0,0.0,10.0,0.0,50.0,40.0,0.0,0.0,10.0,0.0,50.0,40.0,0.0
2014-03-03,credit-spread-tight-yield-curve-steep,credit-spread-tight-yield-curve-steep,-0.07000000000000028,False,False,0.0,0.0,10.0,0.0,50.0,40.0,0.0,0.0,10.0,0.0,50.0,40.0,0.0
2014-04-01,credit-spread-tight-yield-curve-steep,credit-spread-tight-yield-curve-steep,0.08000000000000007,False,False,0.0,0.0,10.0,0.0,50.0,40.0,0.0,0.0,10.0,0.0,50.0,40.0,0.0
2014-05-01,credit-spread-tight-yield-curve-steep,credit-spread-tight-yield-curve-steep,-0.06000000000000005,False,False,0.0,0.0,10.0,0.0,50.0,40.0,0.0,0.0,10.0,0.0,50.0,40.0,0.0
2014-06-02,credit-spread-tight-yield-curve-steep,credit-spread-tight-yield-curve-steep,-0.17999999999999972,False,False,0.0,0.0,10.0,0.0,50.0,40.0,0.0,0.0,10.0,0.0,50.0,40.0,0.0
2014-07-01,credit-spread-tight-yield-curve-steep,credit-spread-tight-yield-curve-steep,0.07999999999999963,False,False,0.0,0.0,10.0,0.0,50.0,40.0,0.0,0.0,10.0,0.0,50.0,40.0,0.0
2014-08-01,credit-spread-tight-yield-curve-steep,credit-spread-tight-yield-curve-steep,0.0,False,False,0.0,0.0,5.0,0.0,50.0,45.0,0.0,0.0,5.0,0.0,50.0,45.0,0.0
2014-09-02,credit-spread-tight-yield-curve-steep,credit-spread-tight-yield-curve-steep,-0.2400000000000002,False,False,0.0,0.0,10.0,0.0,50.0,40.0,0.0,0.0,10.0,0.0,50.0,40.0,0.0
2014-10-01,credit-spread-tight-yield-curve-steep,credit-spread-tight-yield-curve-steep,0.18000000000000016,False,False,0.0,0.0,0.0,0.0,50.0,50.0,0.0,0.0,0.0,0.0,50.0,50.0,0.0
2014-11-03,credit-spread-tight-yield-curve-steep,credit-spread-tight-yield-curve-steep,-0.1200000000000001,False,False,0.0,0.0,10.0,0.0,50.0,40.0,0.0,0.0,10.0,0.0,50.0,40.0,0.0
2014-12-01,credit-spread-tight-yield-curve-steep,credit-spread-tight-yield-curve-steep,-0.04999999999999982,False,False,0.0,0.0,10.0,0.0,50.0,40.0,0.0,0.0,10.0,0.0,50.0,40.0,0.0
2015-01-02,credit-spread-tight-yield-curve-flat,credit-spread-tight-yield-curve-steep,-0.07999999999999963,False,False,0.0,0.0,10.0,0.0,50.0,40.0,0.0,0.0,10.0,0.0,50.0,40.0,0.0
2015-02-02,credit-spread-tight-yield-curve-flat,credit-spread-tight-yield-curve-steep,-0.43000000000000016,False,False,0.0,0.0,0.0,0.0,50.0,50.0,0.0,0.0,0.0,0.0,50.0,50.0,0.0
2015-03-02,credit-spread-tight-yield-curve-flat,credit-spread-tight-yield-curve-flat,0.2599999999999998,True,True,40.0,60.0,0.0,0.0,0.0,40.0,0.0,60.0,0.0,0.0,0.0,0.0,40.0
2015-04-01,credit-spread-tight-yield-curve-flat,credit-spread-tight-yield-curve-flat,-0.08999999999999986,False,False,0.0,60.0,0.0,0.0,0.0,40.0,0.0,60.0,0.0,0.0,0.0,40.0,0.0
2015-05-01,credit-spread-tight-yield-curve-flat,credit-spread-tight-yield-curve-flat,0.10999999999999988,False,False,0.0,60.0,0.0,0.0,0.0,40.0,0.0,60.0,0.0,0.0,0.0,40.0,0.0
2015-06-01,credit-spread-wide-yield-curve-flat,credit-spread-tight-yield-curve-flat,0.08000000000000007,False,False,0.0,60.0,0.0,0.0,0.0,40.0,0.0,60.0,0.0,0.0,0.0,40.0,0.0
2015-07-01,credit-spread-wide-yield-curve-flat,credit-spread-tight-yield-curve-flat,0.2200000000000002,True,True,70.0,30.0,0.0,0.0,0.0,70.0,0.0,30.0,0.0,0.0,0.0,0.0,70.0
2015-08-03,credit-spread-wide-yield-curve-flat,credit-spread-wide-yield-curve-flat,-0.15000000000000036,False,False,0.0,50.0,0.0,0.0,0.0,50.0,0.0,50.0,0.0,0.0,0.0,50.0,0.0
2015-09-01,credit-spread-tight-yield-curve-flat,credit-spread-wide-yield-curve-flat,-0.06999999999999984,False,False,0.0,0.0,0.0,0.0,0.0,100.0,0.0,0.0,0.0,0.0,0.0,100.0,0.0
2015-10-01,credit-spread-wide-yield-curve-flat,credit-spread-wide-yield-curve-flat,-0.1499999999999999,False,False,0.0,0.0,0.0,0.0,0.0,100.0,0.0,0.0,0.0,0.0,0.0,100.0,0.0
2015-11-02,credit-spread-wide-yield-curve-flat,credit-spread-wide-yield-curve-flat,0.14000000000000012,False,False,0.0,50.0,0.0,0.0,0.0,50.0,0.0,50.0,0.0,0.0,0.0,50.0,0.0
2015-12-01,credit-spread-wide-yield-curve-flat,credit-spread-wide-yield-curve-flat,0.020000000000000018,False,False,0.0,50.0,50.0,0.0,0.0,0.0,0.0,50.0,50.0,0.0,0.0,0.0,0.0
2016-01-04,credit-spread-wide-yield-curve-flat,credit-spread-wide-yield-curve-flat,-0.020000000000000018,False,False,0.0,50.0,0.0,0.0,0.0,50.0,0.0,50.0,0.0,0.0,0.0,50.0,0.0
2016-02-01,credit-spread-tight-yield-curve-flat,credit-spread-wide-yield-curve-flat,-0.31000000000000005,False,False,0.0,0.0,0.0,0.0,0.0,100.0,0.0,0.0,0.0,0.0,0.0,100.0,0.0
2016-03-01,credit-spread-wide-yield-curve-flat,credit-spread-wide-yield-curve-flat,-0.26,False,False,0.0,0.0,0.0,0.0,0.0,100.0,0.0,0.0,0.0,0.0,0.0,100.0,0.0
2016-04-01,credit-spread-wide-yield-curve-flat,credit-spread-wide-yield-curve-flat,-0.050000000000000044,False,False,0.0,50.0,25.0,0.0,0.0,25.0,0.0,50.0,25.0,0.0,0.0,25.0,0.0
2016-05-02,credit-spread-wide-yield-curve-flat,credit-spread-wide-yield-curve-flat,0.06000000000000005,False,False,0.0,50.0,50.0,0.0,0.0,0.0,0.0,50.0,50.0,0.0,0.0,0.0,0.0
2016-06-01,credit-spread-wide-yield-curve-flat,credit-spread-wide-yield-curve-flat,0.0,False,False,0.0,50.0,50.0,0.0,0.0,0.0,0.0,50.0,50.0,0.0,0.0,0.0,0.0
2016-07-01,credit-spread-wide-yield-curve-flat,credit-spread-wide-yield-curve-flat,-0.3500000000000001,False,False,0.0,50.0,50.0,0.0,0.0,0.0,0.0,50.0,50.0,0.0,0.0,0.0,0.0
2016-08-01,credit-spread-tight-yield-curve-flat,credit-spread-wide-yield-curve-flat,0.030000000000000027,False,False,0.0,50.0,50.0,0.0,0.0,0.0,0.0,50.0,50.0,0.0,0.0,0.0,0.0
2016-09-01,credit-spread-tight-yield-curve-flat,credit-spread-wide-yield-curve-flat,0.07000000000000006,False,False,0.0,50.0,50.0,0.0,0.0,0.0,0.0,50.0,50.0,0.0,0.0,0.0,0.0
2016-10-03,credit-spread-tight-yield-curve-flat,credit-spread-tight-yield-curve-flat,-0.010000000000000009,False,False,0.0,60.0,0.0,40.0,0.0,0.0,0.0,60.0,0.0,40.0,0.0,0.0,0.0
2016-11-01,credit-spread-tight-yield-curve-flat,credit-spread-tight-yield-curve-flat,0.28,True,True,20.0,60.0,0.0,20.0,0.0,20.0,0.0,60.0,0.0,20.0,0.0,0.0,20.0
2016-12-01,credit-spread-tight-yield-curve-flat,credit-spread-tight-yield-curve-flat,0.53,True,False,0.0,60.0,0.0,0.0,0.0,0.0,40.0,60.0,0.0,0.0,0.0,0.0,40.0
2017-01-03,credit-spread-tight-yield-curve-flat,credit-spread-tight-yield-curve-flat,0.040000000000000036,False,False,0.0,60.0,0.0,0.0,0.0,0.0,40.0,60.0,0.0,0.0,0.0,0.0,40.0
2017-02-01,credit-spread-tight-yield-curve-flat,credit-spread-tight-yield-curve-flat,-0.040000000000000036,False,False,0.0,60.0,0.0,0.0,0.0,0.0,40.0,60.0,0.0,0.0,0.0,0.0,40.0
2017-03-01,credit-spread-tight-yield-curve-flat,credit-spread-tight-yield-curve-flat,-0.1499999999999999,False,False,0.0,60.0,0.0,20.0,0.0,0.0,20.0,60.0,0.0,20.0,0.0,0.0,20.0
2017-04-03,credit-spread-tight-yield-curve-flat,credit-spread-tight-yield-curve-flat,-0.07000000000000028,False,False,0.0,60.0,0.0,20.0,0.0,0.0,20.0,60.0,0.0,20.0,0.0,0.0,20.0
2017-05-01,credit-spread-tight-yield-curve-flat,credit-spread-tight-yield-curve-flat,-0.1200000000000001,False,False,0.0,60.0,0.0,40.0,0.0,0.0,0.0,60.0,0.0,40.0,0.0,0.0,0.0
2017-06-01,credit-spread-tight-yield-curve-flat,credit-spread-tight-yield-curve-flat,-0.1200000000000001,False,False,0.0,60.0,0.0,40.0,0.0,0.0,0.0,60.0,0.0,40.0,0.0,0.0,0.0
2017-07-03,credit-spread-tight-yield-curve-flat,credit-spread-tight-yield-curve-flat,0.06000000000000005,False,False,0.0,60.0,0.0,20.0,0.0,20.0,0.0,60.0,0.0,20.0,0.0,20.0,0.0
2017-08-01,credit-spread-tight-yield-curve-flat,credit-spread-tight-yield-curve-flat,0.029999999999999805,False,False,0.0,60.0,0.0,40.0,0.0,0.0,0.0,60.0,0.0,40.0,0.0,0.0,0.0
2017-09-01,credit-spread-tight-yield-curve-flat,credit-spread-tight-yield-curve-flat,-0.13999999999999968,False,False,0.0,60.0,0.0,40.0,0.0,0.0,0.0,60.0,0.0,40.0,0.0,0.0,0.0
2017-10-02,credit-spread-tight-yield-curve-flat,credit-spread-tight-yield-curve-flat,0.18999999999999995,False,False,0.0,60.0,0.0,40.0,0.0,0.0,0.0,60.0,0.0,40.0,0.0,0.0,0.0
2017-11-01,credit-spread-tight-yield-curve-flat,credit-spread-tight-yield-curve-flat,0.06999999999999984,False,False,0.0,60.0,0.0,20.0,0.0,20.0,0.0,60.0,0.0,20.0,0.0,20.0,0.0
2017-12-01,credit-spread-tight-yield-curve-flat,credit-spread-tight-yield-curve-flat,0.040000000000000036,False,False,0.0,60.0,0.0,40.0,0.0,0.0,0.0,60.0,0.0,40.0,0.0,0.0,0.0
2018-01-02,credit-spread-tight-yield-curve-flat,credit-spread-tight-yield-curve-flat,0.010000000000000231,False,False,0.0,60.0,0.0,40.0,0.0,0.0,0.0,60.0,0.0,40.0,0.0,0.0,0.0
2018-02-01,credit-spread-tight-yield-curve-flat,credit-spread-tight-yield-curve-flat,0.29000000000000004,True,False,0.0,60.0,0.0,40.0,0.0,0.0,0.0,60.0,0.0,40.0,0.0,0.0,0.0
2018-03-01,credit-spread-tight-yield-curve-flat,credit-spread-tight-yield-curve-flat,0.16999999999999993,False,False,0.0,60.0,0.0,40.0,0.0,0.0,0.0,60.0,0.0,40.0,0.0,0.0,0.0
2018-04-02,credit-spread-tight-yield-curve-flat,credit-spread-tight-yield-curve-flat,-0.040000000000000036,False,False,0.0,60.0,0.0,40.0,0.0,0.0,0.0,60.0,0.0,40.0,0.0,0.0,0.0
2018-05-01,credit-spread-tight-yield-curve-flat,credit-spread-tight-yield-curve-flat,0.18000000000000016,False,False,0.0,60.0,0.0,40.0,0.0,0.0,0.0,60.0,0.0,40.0,0.0,0.0,0.0
2018-06-01,credit-spread-tight-yield-curve-flat,credit-spread-tight-yield-curve-flat,-0.14000000000000012,False,False,0.0,60.0,0.0,20.0,0.0,0.0,20.0,60.0,0.0,20.0,0.0,0.0,20.0
2018-07-02,credit-spread-tight-yield-curve-flat,credit-spread-tight-yield-curve-flat,0.009999999999999787,False,False,0.0,60.0,0.0,0.0,0.0,40.0,0.0,60.0,0.0,0.0,0.0,40.0,0.0
2018-08-01,credit-spread-tight-yield-curve-flat,credit-spread-tight-yield-curve-flat,0.1200000000000001,False,False,0.0,60.0,0.0,0.0,0.0,0.0,40.0,60.0,0.0,0.0,0.0,0.0,40.0
2018-09-04,credit-spread-tight-yield-curve-flat,credit-spread-tight-yield-curve-flat,-0.1200000000000001,False,False,0.0,60.0,0.0,0.0,0.0,40.0,0.0,60.0,0.0,0.0,0.0,40.0,0.0
2018-10-01,credit-spread-tight-yield-curve-flat,credit-spread-tight-yield-curve-flat,0.20000000000000018,True,False,0.0,60.0,0.0,0.0,0.0,0.0,40.0,60.0,0.0,0.0,0.0,0.0,40.0
2018-11-01,credit-spread-tight-yield-curve-flat,credit-spread-tight-yield-curve-flat,0.06000000000000005,False,False,0.0,30.0,0.0,0.0,0.0,0.0,70.0,30.0,0.0,0.0,0.0,0.0,70.0
2018-12-03,credit-spread-tight-yield-curve-flat,credit-spread-tight-yield-curve-flat,-0.11000000000000032,False,False,0.0,30.0,0.0,0.0,0.0,70.0,0.0,30.0,0.0,0.0,0.0,70.0,0.0
2019-01-02,credit-spread-tight-yield-curve-flat,credit-spread-tight-yield-curve-flat,-0.2599999999999998,False,False,0.0,0.0,0.0,40.0,0.0,60.0,0.0,0.0,0.0,40.0,0.0,60.0,0.0
2019-02-01,credit-spread-tight-yield-curve-flat,credit-spread-tight-yield-curve-flat,-0.14000000000000012,False,False,0.0,30.0,0.0,40.0,0.0,30.0,0.0,30.0,0.0,40.0,0.0,30.0,0.0
2019-03-01,credit-spread-tight-yield-curve-flat,credit-spread-tight-yield-curve-flat,0.009999999999999787,False,False,0.0,60.0,0.0,40.0,0.0,0.0,0.0,60.0,0.0,40.0,0.0,0.0,0.0
2019-04-01,credit-spread-tight-yield-curve-flat,credit-spread-tight-yield-curve-flat,-0.33999999999999986,False,False,0.0,60.0,0.0,40.0,0.0,0.0,0.0,60.0,0.0,40.0,0.0,0.0,0.0
2019-05-01,credit-spread-tight-yield-curve-flat,credit-spread-tight-yield-curve-flat,0.11999999999999966,False,False,0.0,60.0,0.0,40.0,0.0,0.0,0.0,60.0,0.0,40.0,0.0,0.0,0.0
2019-06-03,credit-spread-tight-yield-curve-flat,credit-spread-tight-yield-curve-flat,-0.3299999999999996,False,False,0.0,60.0,0.0,40.0,0.0,0.0,0.0,60.0,0.0,40.0,0.0,0.0,0.0
2019-07-01,credit-spread-tight-yield-curve-flat,credit-spread-tight-yield-curve-flat,-0.2100000000000004,False,False,0.0,60.0,0.0,40.0,0.0,0.0,0.0,60.0,0.0,40.0,0.0,0.0,0.0
2019-08-01,credit-spread-tight-yield-curve-flat,credit-spread-tight-yield-curve-flat,-0.009999999999999787,False,False,0.0,60.0,0.0,40.0,0.0,0.0,0.0,60.0,0.0,40.0,0.0,0.0,0.0
2019-09-03,credit-spread-tight-yield-curve-flat,credit-spread-tight-yield-curve-flat,-0.3999999999999999,False,False,0.0,60.0,0.0,40.0,0.0,0.0,0.0,60.0,0.0,40.0,0.0,0.0,0.0
2019-10-01,credit-spread-tight-yield-curve-flat,credit-spread-tight-yield-curve-flat,0.17999999999999994,False,False,0.0,60.0,0.0,40.0,0.0,0.0,0.0,60.0,0.0,40.0,0.0,0.0,0.0
2019-11-01,credit-spread-tight-yield-curve-flat,credit-spread-tight-yield-curve-flat,0.040000000000000036,False,False,0.0,60.0,0.0,40.0,0.0,0.0,0.0,60.0,0.0,40.0,0.0,0.0,0.0
2019-12-02,credit-spread-tight-yield-curve-flat,credit-spread-tight-yield-curve-flat,0.050000000000000044,False,False,0.0,60.0,0.0,40.0,0.0,0.0,0.0,60.0,0.0,40.0,0.0,0.0,0.0
2020-01-02,credit-spread-tight-yield-curve-flat,credit-spread-tight-yield-curve-flat,0.06999999999999984,False,False,0.0,60.0,0.0,40.0,0.0,0.0,0.0,60.0,0.0,40.0,0.0,0.0,0.0
2020-02-03,credit-spread-tight-yield-curve-flat,credit-spread-tight-yield-curve-flat,-0.30999999999999983,False,False,0.0,60.0,0.0,40.0,0.0,0.0,0.0,60.0,0.0,40.0,0.0,0.0,0.0
2020-03-02,credit-spread-tight-yield-curve-flat,credit-spread-tight-yield-curve-flat,-0.27,False,False,0.0,30.0,0.0,40.0,0.0,30.0,0.0,30.0,0.0,40.0,0.0,30.0,0.0
2020-04-01,credit-spread-tight-yield-curve-flat,credit-spread-tight-yield-curve-flat,-0.6000000000000001,False,False,0.0,0.0,0.0,40.0,0.0,60.0,0.0,0.0,0.0,40.0,0.0,60.0,0.0
2020-05-01,credit-spread-wide-yield-curve-flat,credit-spread-tight-yield-curve-flat,-0.05999999999999994,False,False,0.0,0.0,0.0,40.0,0.0,60.0,0.0,0.0,0.0,40.0,0.0,60.0,0.0
2020-06-01,credit-spread-wide-yield-curve-flat,credit-spread-tight-yield-curve-flat,0.05999999999999994,False,False,0.0,60.0,0.0,40.0,0.0,0.0,0.0,60.0,0.0,40.0,0.0,0.0,0.0
2020-07-01,credit-spread-wide-yield-curve-flat,credit-spread-wide-yield-curve-flat,-0.039999999999999925,False,False,0.0,50.0,0.0,0.0,0.0,50.0,0.0,50.0,0.0,0.0,0.0,50.0,0.0
2020-08-03,credit-spread-tight-yield-curve-flat,credit-spread-wide-yield-curve-flat,-0.1399999999999999,False,False,0.0,50.0,0.0,0.0,0.0,50.0,0.0,50.0,0.0,0.0,0.0,50.0,0.0
2020-09-01,credit-spread-wide-yield-curve-flat,credit-spread-wide-yield-curve-flat,0.16999999999999993,False,False,0.0,50.0,25.0,0.0,0.0,25.0,0.0,50.0,25.0,0.0,0.0,25.0,0.0
2020-10-01,credit-spread-wide-yield-curve-flat,credit-spread-wide-yield-curve-flat,-0.030000000000000027,False,False,0.0,50.0,25.0,0.0,0.0,25.0,0.0,50.0,25.0,0.0,0.0,25.0,0.0
2020-11-02,credit-spread-wide-yield-curve-flat,credit-spread-wide-yield-curve-flat,0.16999999999999993,False,False,0.0,50.0,25.0,0.0,0.0,25.0,0.0,50.0,25.0,0.0,0.0,25.0,0.0
2020-12-01,credit-spread-tight-yield-curve-flat,credit-spread-wide-yield-curve-flat,-0.010000000000000009,False,False,0.0,50.0,50.0,0.0,0.0,0.0,0.0,50.0,50.0,0.0,0.0,0.0,0.0
2021-01-04,credit-spread-tight-yield-curve-flat,credit-spread-wide-yield-curve-flat,0.010000000000000009,False,False,0.0,50.0,50.0,0.0,0.0,0.0,0.0,50.0,50.0,0.0,0.0,0.0,0.0
2021-02-01,credit-spread-tight-yield-curve-flat,credit-spread-tight-yield-curve-flat,0.14,False,False,0.0,60.0,0.0,20.0,0.0,20.0,0.0,60.0,0.0,20.0,0.0,20.0,0.0
2021-03-01,credit-spread-tight-yield-curve-steep,credit-spread-tight-yield-curve-flat,0.47,True,False,0.0,60.0,0.0,0.0,0.0,0.0,40.0,60.0,0.0,0.0,0.0,0.0,40.0
2021-04-01,credit-spread-tight-yield-curve-steep,credit-spread-tight-yield-curve-flat,0.29000000000000004,True,False,0.0,60.0,0.0,0.0,0.0,0.0,40.0,60.0,0.0,0.0,0.0,0.0,40.0
2021-05-03,credit-spread-tight-yield-curve-steep,credit-spread-tight-yield-curve-steep,-0.09000000000000008,False,False,0.0,0.0,10.0,0.0,25.0,0.0,65.0,0.0,10.0,0.0,25.0,0.0,65.0
2021-06-01,credit-spread-tight-yield-curve-steep,credit-spread-tight-yield-curve-steep,-0.039999999999999813,False,False,0.0,0.0,10.0,0.0,25.0,0.0,65.0,0.0,10.0,0.0,25.0,0.0,65.0
2021-07-01,credit-spread-tight-yield-curve-flat,credit-spread-tight-yield-curve-steep,-0.16000000000000014,False,False,0.0,0.0,10.0,0.0,50.0,0.0,40.0,0.0,10.0,0.0,50.0,0.0,40.0
2021-08-02,credit-spread-tight-yield-curve-flat,credit-spread-tight-yield-curve-steep,-0.19999999999999996,False,False,0.0,0.0,10.0,0.0,50.0,40.0,0.0,0.0,10.0,0.0,50.0,40.0,0.0
2021-09-01,credit-spread-tight-yield-curve-flat,credit-spread-tight-yield-curve-flat,0.020000000000000018,False,False,0.0,60.0,0.0,20.0,0.0,20.0,0.0,60.0,0.0,20.0,0.0,20.0,0.0
2021-10-01,credit-spread-tight-yield-curve-steep,credit-spread-tight-yield-curve-flat,0.21999999999999997,True,True,40.0,60.0,0.0,0.0,0.0,40.0,0.0,60.0,0.0,0.0,0.0,0.0,40.0
2021-11-01,credit-spread-tight-yield-curve-flat,credit-spread-tight-yield-curve-flat,0.050000000000000044,False,False,0.0,60.0,0.0,0.0,0.0,0.0,40.0,60.0,0.0,0.0,0.0,0.0,40.0
2021-12-01,credit-spread-tight-yield-curve-flat,credit-spread-tight-yield-curve-flat,-0.14000000000000012,False,False,0.0,60.0,0.0,0.0,0.0,40.0,0.0,60.0,0.0,0.0,0.0,40.0,0.0
2022-01-03,credit-spread-tight-yield-curve-flat,credit-spread-tight-yield-curve-flat,0.08000000000000007,False,False,0.0,60.0,0.0,40.0,0.0,0.0,0.0,60.0,0.0,40.0,0.0,0.0,0.0
2022-02-01,credit-spread-tight-yield-curve-flat,credit-spread-tight-yield-curve-flat,0.27,True,False,0.0,60.0,0.0,20.0,0.0,0.0,20.0,60.0,0.0,20.0,0.0,0.0,20.0
2022-03-01,credit-spread-tight-yield-curve-flat,credit-spread-tight-yield-curve-flat,0.020000000000000018,False,False,0.0,30.0,0.0,40.0,0.0,0.0,30.0,30.0,0.0,40.0,0.0,0.0,30.0
2022-04-01,credit-spread-tight-yield-curve-flat,credit-spread-tight-yield-curve-flat,0.5999999999999999,True,False,0.0,60.0,0.0,40.0,0.0,0.0,0.0,60.0,0.0,40.0,0.0,0.0,0.0
2022-05-02,credit-spread-tight-yield-curve-flat,credit-spread-tight-yield-curve-flat,0.5300000000000002,True,False,0.0,0.0,0.0,40.0,0.0,0.0,60.0,0.0,0.0,40.0,0.0,0.0,60.0
2022-06-01,credit-spread-tight-yield-curve-flat,credit-spread-tight-yield-curve-flat,0.0,False,False,0.0,0.0,0.0,20.0,0.0,0.0,80.0,0.0,0.0,20.0,0.0,0.0,80.0
2022-07-01,credit-spread-wide-yield-curve-flat,credit-spread-tight-yield-curve-flat,0.1299999999999999,False,False,0.0,0.0,0.0,0.0,0.0,0.0,100.0,0.0,0.0,0.0,0.0,0.0,100.0
2022-08-01,credit-spread-wide-yield-curve-flat,credit-spread-tight-yield-curve-flat,-0.2999999999999998,False,False,0.0,0.0,0.0,0.0,0.0,0.0,100.0,0.0,0.0,0.0,0.0,0.0,100.0
2022-09-01,credit-spread-tight-yield-curve-flat,credit-spread-tight-yield-curve-flat,0.5499999999999998,True,False,0.0,0.0,0.0,0.0,0.0,0.0,100.0,0.0,0.0,0.0,0.0,0.0,100.0
2022-10-03,credit-spread-tight-yield-curve-flat,credit-spread-tight-yield-curve-flat,0.5,True,False,0.0,0.0,0.0,0.0,0.0,0.0,100.0,0.0,0.0,0.0,0.0,0.0,100.0
2022-11-01,credit-spread-tight-yield-curve-flat,credit-spread-tight-yield-curve-flat,0.33999999999999986,True,False,0.0,0.0,0.0,0.0,0.0,0.0,100.0,0.0,0.0,0.0,0.0,0.0,100.0
2022-12-01,credit-spread-tight-yield-curve-flat,credit-spread-tight-yield-curve-flat,-0.4199999999999995,False,False,0.0,30.0,0.0,20.0,0.0,0.0,50.0,30.0,0.0,20.0,0.0,0.0,50.0
2023-01-03,credit-spread-tight-yield-curve-flat,credit-spread-tight-yield-curve-flat,0.30000000000000027,True,False,0.0,0.0,0.0,40.0,0.0,0.0,60.0,0.0,0.0,40.0,0.0,0.0,60.0
2023-02-01,credit-spread-tight-yield-curve-flat,credit-spread-tight-yield-curve-flat,-0.31000000000000005,False,False,0.0,30.0,0.0,40.0,0.0,30.0,0.0,30.0,0.0,40.0,0.0,30.0,0.0
2023-03-01,credit-spread-tight-yield-curve-flat,credit-spread-tight-yield-curve-flat,0.4299999999999997,True,False,0.0,30.0,0.0,40.0,0.0,0.0,30.0,30.0,0.0,40.0,0.0,0.0,30.0
2023-04-03,credit-spread-tight-yield-curve-flat,credit-spread-tight-yield-curve-flat,-0.5300000000000002,False,False,0.0,60.0,0.0,40.0,0.0,0.0,0.0,60.0,0.0,40.0,0.0,0.0,0.0
2023-05-01,credit-spread-tight-yield-curve-flat,credit-spread-tight-yield-curve-flat,-0.020000000000000018,False,False,0.0,60.0,0.0,40.0,0.0,0.0,0.0,60.0,0.0,40.0,0.0,0.0,0.0
2023-06-01,credit-spread-tight-yield-curve-flat,credit-spread-tight-yield-curve-flat,0.050000000000000266,False,False,0.0,60.0,0.0,40.0,0.0,0.0,0.0,60.0,0.0,40.0,0.0,0.0,0.0
2023-07-03,credit-spread-tight-yield-curve-flat,credit-spread-tight-yield-curve-flat,0.2400000000000002,True,False,0.0,60.0,0.0,40.0,0.0,0.0,0.0,60.0,0.0,40.0,0.0,0.0,0.0
2023-08-01,credit-spread-tight-yield-curve-flat,credit-spread-tight-yield-curve-flat,0.1200000000000001,False,False,0.0,60.0,0.0,40.0,0.0,0.0,0.0,60.0,0.0,40.0,0.0,0.0,0.0
2023-09-01,credit-spread-tight-yield-curve-flat,credit-spread-tight-yield-curve-flat,0.040000000000000036,False,False,0.0,60.0,0.0,20.0,0.0,0.0,20.0,60.0,0.0,20.0,0.0,0.0,20.0
2023-10-02,credit-spread-tight-yield-curve-flat,credit-spread-tight-yield-curve-flat,0.5,True,False,0.0,60.0,0.0,0.0,0.0,0.0,40.0,60.0,0.0,0.0,0.0,0.0,40.0
2023-11-01,credit-spread-tight-yield-curve-flat,credit-spread-tight-yield-curve-flat,0.29000000000000004,True,False,0.0,30.0,0.0,40.0,0.0,0.0,30.0,30.0,0.0,40.0,0.0,0.0,30.0
2023-12-01,credit-spread-tight-yield-curve-flat,credit-spread-tight-yield-curve-flat,-0.5099999999999998,False,False,0.0,60.0,0.0,40.0,0.0,0.0,0.0,60.0,0.0,40.0,0.0,0.0,0.0
2024-01-02,credit-spread-tight-yield-curve-flat,credit-spread-tight-yield-curve-flat,-0.5300000000000002,False,False,0.0,60.0,0.0,40.0,0.0,0.0,0.0,60.0,0.0,40.0,0.0,0.0,0.0
2024-02-01,credit-spread-tight-yield-curve-flat,credit-spread-tight-yield-curve-flat,0.15000000000000036,False,False,0.0,60.0,0.0,40.0,0.0,0.0,0.0,60.0,0.0,40.0,0.0,0.0,0.0
2024-03-01,credit-spread-tight-yield-curve-flat,credit-spread-tight-yield-curve-flat,0.1900000000000004,False,False,0.0,60.0,0.0,40.0,0.0,0.0,0.0,60.0,0.0,40.0,0.0,0.0,0.0
2024-04-01,credit-spread-tight-yield-curve-flat,credit-spread-tight-yield-curve-flat,-0.04999999999999982,False,False,0.0,60.0,0.0,40.0,0.0,0.0,0.0,60.0,0.0,40.0,0.0,0.0,0.0
2024-05-01,credit-spread-tight-yield-curve-flat,credit-spread-tight-yield-curve-flat,0.4900000000000002,True,False,0.0,60.0,0.0,40.0,0.0,0.0,0.0,60.0,0.0,40.0,0.0,0.0,0.0
2024-06-03,credit-spread-tight-yield-curve-flat,credit-spread-tight-yield-curve-flat,-0.03000000000000025,False,False,0.0,60.0,0.0,40.0,0.0,0.0,0.0,60.0,0.0,40.0,0.0,0.0,0.0
2024-07-01,credit-spread-tight-yield-curve-flat,credit-spread-tight-yield-curve-flat,-0.2599999999999998,False,False,0.0,60.0,0.0,40.0,0.0,0.0,0.0,60.0,0.0,40.0,0.0,0.0,0.0
2024-08-01,credit-spread-tight-yield-curve-flat,credit-spread-tight-yield-curve-flat,-0.39000000000000057,False,False,0.0,60.0,0.0,40.0,0.0,0.0,0.0,60.0,0.0,40.0,0.0,0.0,0.0
2024-09-03,credit-spread-tight-yield-curve-flat,credit-spread-tight-yield-curve-flat,-0.1200000000000001,False,False,0.0,60.0,0.0,40.0,0.0,0.0,0.0,60.0,0.0,40.0,0.0,0.0,0.0
2024-10-01,credit-spread-tight-yield-curve-flat,credit-spread-tight-yield-curve-flat,-0.06000000000000005,False,False,0.0,60.0,0.0,40.0,0.0,0.0,0.0,60.0,0.0,40.0,0.0,0.0,0.0
2024-11-01,credit-spread-tight-yield-curve-flat,credit-spread-tight-yield-curve-flat,0.54,True,False,0.0,60.0,0.0,40.0,0.0,0.0,0.0,60.0,0.0,40.0,0.0,0.0,0.0
2024-12-02,credit-spread-tight-yield-curve-flat,credit-spread-tight-yield-curve-flat,0.019999999999999574,False,False,0.0,60.0,0.0,40.0,0.0,0.0,0.0,60.0,0.0,40.0,0.0,0.0,0.0
2025-01-02,credit-spread-tight-yield-curve-flat,credit-spread-tight-yield-curve-flat,0.35999999999999943,True,False,0.0,60.0,0.0,40.0,0.0,0.0,0.0,60.0,0.0,40.0,0.0,0.0,0.0
2025-02-03,credit-spread-tight-yield-curve-flat,credit-spread-tight-yield-curve-flat,-0.05000000000000071,False,False,0.0,60.0,0.0,40.0,0.0,0.0,0.0,60.0,0.0,40.0,0.0,0.0,0.0
2025-03-03,credit-spread-tight-yield-curve-flat,credit-spread-tight-yield-curve-flat,-0.22999999999999954,False,False,0.0,60.0,0.0,40.0,0.0,0.0,0.0,60.0,0.0,40.0,0.0,0.0,0.0
2025-04-01,credit-spread-tight-yield-curve-flat,credit-spread-tight-yield-curve-flat,-0.05999999999999961,False,False,0.0,30.0,0.0,40.0,0.0,30.0,0.0,30.0,0.0,40.0,0.0,30.0,0.0
2025-05-01,credit-spread-tight-yield-curve-steep,credit-spread-tight-yield-curve-flat,-0.0600000000000005,False,False,0.0,30.0,0.0,40.0,0.0,30.0,0.0,30.0,0.0,40.0,0.0,30.0,0.0
2025-06-02,credit-spread-tight-yield-curve-steep,credit-spread-tight-yield-curve-flat,0.17999999999999972,False,False,0.0,60.0,0.0,40.0,0.0,0.0,0.0,60.0,0.0,40.0,0.0,0.0,0.0
2025-07-01,credit-spread-tight-yield-curve-steep,credit-spread-tight-yield-curve-steep,-0.1899999999999995,False,False,0.0,0.0,10.0,0.0,50.0,40.0,0.0,0.0,10.0,0.0,50.0,40.0,0.0
2025-08-01,credit-spread-tight-yield-curve-steep,credit-spread-tight-yield-curve-steep,0.11000000000000032,False,False,0.0,0.0,10.0,0.0,50.0,40.0,0.0,0.0,10.0,0.0,50.0,40.0,0.0
2025-09-02,credit-spread-tight-yield-curve-steep,credit-spread-tight-yield-curve-steep,-0.15000000000000036,False,False,0.0,0.0,10.0,0.0,50.0,40.0,0.0,0.0,10.0,0.0,50.0,40.0,0.0
2025-10-01,credit-spread-tight-yield-curve-steep,credit-spread-tight-yield-curve-steep,-0.05999999999999961,False,False,0.0,0.0,10.0,0.0,50.0,40.0,0.0,0.0,10.0,0.0,50.0,40.0,0.0
2025-11-03,credit-spread-tight-yield-curve-steep,credit-spread-tight-yield-curve-steep,0.010000000000000675,False,False,0.0,0.0,10.0,0.0,50.0,40.0,0.0,0.0,10.0,0.0,50.0,40.0,0.0
2025-12-01,credit-spread-tight-yield-curve-steep,credit-spread-tight-yield-curve-steep,-0.10000000000000053,False,False,0.0,0.0,10.0,0.0,50.0,40.0,0.0,0.0,10.0,0.0,50.0,40.0,0.0
2026-01-02,credit-spread-tight-yield-curve-steep,credit-spread-tight-yield-curve-steep,0.04999999999999982,False,False,0.0,0.0,10.0,0.0,50.0,40.0,0.0,0.0,10.0,0.0,50.0,40.0,0.0
2026-02-02,credit-spread-tight-yield-curve-steep,credit-spread-tight-yield-curve-steep,0.10000000000000053,False,False,0.0,0.0,10.0,0.0,50.0,40.0,0.0,0.0,10.0,0.0,50.0,40.0,0.0
2026-03-02,credit-spread-tight-yield-curve-steep,credit-spread-tight-yield-curve-steep,-0.22000000000000064,False,False,0.0,0.0,10.0,0.0,50.0,40.0,0.0,0.0,10.0,0.0,50.0,40.0,0.0
2026-04-01,credit-spread-tight-yield-curve-steep,credit-spread-tight-yield-curve-steep,0.28000000000000025,True,True,90.0,0.0,10.0,0.0,25.0,65.0,0.0,0.0,10.0,0.0,0.0,0.0,90.0
2026-05-01,credit-spread-tight-yield-curve-steep,credit-spread-tight-yield-curve-steep,0.10000000000000053,False,False,0.0,0.0,10.0,0.0,50.0,40.0,0.0,0.0,10.0,0.0,50.0,40.0,0.0
2026-06-01,credit-spread-tight-yield-curve-steep,credit-spread-tight-yield-curve-steep,0.04999999999999982,False,False,0.0,0.0,10.0,0.0,50.0,40.0,0.0,0.0,10.0,0.0,50.0,40.0,0.0
2026-07-01,credit-spread-tight-yield-curve-flat,credit-spread-tight-yield-curve-steep,-0.009999999999999787,False,False,0.0,0.0,10.0,0.0,50.0,40.0,0.0,0.0,10.0,0.0,50.0,40.0,0.0
2026-08-03,credit-spread-tight-yield-curve-steep,credit-spread-tight-yield-curve-steep,0.1999999999999993,False,False,0.0,0.0,10.0,0.0,25.0,0.0,65.0,0.0,10.0,0.0,25.0,0.0,65.0
2026-09-01,credit-spread-tight-yield-curve-steep,credit-spread-tight-yield-curve-steep,0.07000000000000028,False,False,0.0,0.0,10.0,0.0,25.0,0.0,65.0,0.0,10.0,0.0,25.0,0.0,65.0
2026-10-01,credit-spread-tight-yield-curve-steep,credit-spread-tight-yield-curve-steep,0.54,True,False,0.0,0.0,5.0,0.0,0.0,0.0,95.0,0.0,5.0,0.0,0.0,0.0,95.0
